4	2	2	[even]
6	2	3	[even]
9	3	3	[frontier]
10	2	5	[even]
14	2	7	[even]
15	3	5	[frontier]
21	3	7	[frontier]
22	2	11	[even]
25	5	5	[frontier]
26	2	13	[even]
33	3	11	[frontier]
34	2	17	[even]
35	5	7	[frontier]
38	2	19	[even]
39	3	13	[frontier]
46	2	23	[even]
49	7	7	[frontier]
51	3	17	[frontier]
55	5	11	[frontier]
57	3	19	[frontier]
58	2	29	[even]
62	2	31	[even]
65	5	13	[frontier]
69	3	23	[frontier]
74	2	37	[even]
77	7	11	[frontier]
82	2	41	[even]
85	5	17	[frontier]
86	2	43	[even]
87	3	29	[frontier]
91	7	13	[frontier]
93	3	31	[frontier]
94	2	47	[even]
95	5	19	[frontier]
106	2	53	[even]
111	3	37	[frontier]
115	5	23	[frontier]
118	2	59	[even]
119	7	17	[frontier]
121	11	11	[frontier]
122	2	61	[even]
123	3	41	[frontier]
129	3	43	[frontier]
133	7	19	[frontier]
134	2	67	[even]
141	3	47	[frontier]
142	2	71	[even]
143	11	13	[frontier]
145	5	29	[frontier]
146	2	73	[even]
155	5	31	[frontier]
158	2	79	[even]
159	3	53	[frontier]
161	7	23	[frontier]
166	2	83	[even]
169	13	13	[frontier]
177	3	59	[frontier]
178	2	89	[even]
183	3	61	[frontier]
185	5	37	[frontier]
187	11	17	[frontier]
194	2	97	[even]
