samples	percent	symbol
42499	78.798	_ZN3vox5sieve4mpqs17h8af32ab1e67ab060E
7132	13.224	_ZN3vox5sieve7combine17hc2182b1deb04e596E
2380	4.413	[external]
868	1.609	_ZN3vox15morphism_factor6unfold17h55a032ea6d6b5c9cE
554	1.027	_ZN3vox15morphism_factor4fold17h68622aa355e9a8f7E
118	0.219	__udivti3
87	0.161	_ZN17compiler_builtins3int4sdiv8__modti317h3a3090b89d0b5baaE
62	0.115	_ZN3vox15morphism_factor8l_divmod17h4ea77af72d224c46E
62	0.115	_ZN3vox15morphism_factor8tape_u6417h375db0e669c4df6dE
39	0.072	_ZN5alloc7raw_vec19RawVec$LT$T$C$A$GT$8grow_one17h04f563f36da54744E
23	0.043	_ZN5alloc7raw_vec11finish_grow17h95bcfecca9a2201aE
22	0.041	__umodti3
21	0.039	_ZN3vox15morphism_factor6divmod17h891d39ad403bd513E
16	0.030	_ZN3vox5sieve12u128_to_tape17h230445922f2bff9eE
13	0.024	_ZN3vox15morphism_factor4zero17h01ed851205be106eE
10	0.019	_ZN3vox15morphism_factor5l_cmp17h30cc8bf37d390f08E
8	0.015	_ZN3vox15morphism_factor5l_mul17h46c6cefd90d4bc92E
5	0.009	_ZN5alloc7raw_vec11finish_grow17hf137dcc75f79bcacE
4	0.007	_ZN3vox15morphism_factor5l_sub17h2484a60420d401c2E
4	0.007	_ZN5alloc7raw_vec19RawVec$LT$T$C$A$GT$8grow_one17h54efc5f837470a6aE
2	0.004	_ZN3vox15morphism_factor3mul17h1d27777f84a65367E
2	0.004	_ZN3vox5sieve4sadd17he6d4c9e8e9e3c4f5E
1	0.002	_ZN3vox15morphism_factor3sub17hb4e58d268aa4828dE
1	0.002	_ZN3vox15morphism_factor5l_add17h7529f1dd47d098acE
1	0.002	__modti3
