seconds	calls	stage	entry_nodes	exit_nodes
0.014929	73	3	2941	2941
0.026065	76	0	3687	3933
0.038099	249	0	5449	5693
0.052015	280	2	4455	4455
0.067016	350	0	4439	4685
0.080986	399	0	16158	16398
0.086836	427	2	17862	17862
0.101594	466	0	31804	32300
0.107958	484	0	26983	27232
0.118042	500	0	8615	8867
0.130954	532	0	47230	47480
0.144603	562	0	49348	49844
0.158913	586	0	46157	46409
0.171750	586	0	46157	46409
0.181995	586	0	46157	46409
0.195723	586	0	46157	46409
0.206412	586	0	46157	46409
0.220102	605	3	14665	14546
0.233712	674	0	26286	26773
0.239416	687	2	14065	13066
0.245516	712	0	37428	38181
0.254732	736	0	30845	31093
0.268127	764	3	23863	23689
0.278763	782	0	46300	46549
0.290763	822	2	58731	58731
0.303230	835	2	26818	24966
0.309766	856	0	54851	55100
0.321498	880	3	15558	15360
0.327677	919	2	22116	21669
0.338478	952	0	29838	30337
0.345467	980	0	33249	33765
0.359938	1016	0	44736	44985
0.366734	1023	0	14574	14823
0.381847	1055	0	14180	14920
0.391737	1084	0	53852	54363
0.403031	1095	0	24830	25079
0.414831	1115	0	53402	53893
0.420167	1115	0	53402	53893
0.430631	1115	0	53402	53893
0.441299	1115	0	53402	53893
0.450350	1115	0	53402	53893
0.462555	1115	0	53402	53893
0.469239	1115	0	53402	53893
0.481026	1165	0	17422	17674
0.493839	1214	0	33869	34115
0.502577	1241	0	30254	30502
0.510016	1257	0	19111	19358
0.523190	1280	0	8377	8629
0.537596	1317	0	49799	50287
0.545305	1337	0	32317	32569
0.553632	1350	0	52333	52581
0.567905	1379	0	50562	51312
0.583050	1381	0	54071	54574
0.595718	1381	0	54071	54574
0.606343	1381	0	54071	54574
0.619629	1381	0	54071	54574
0.625383	1381	0	54071	54574
0.633562	1381	0	54071	54574
0.645126	1381	0	54071	54574
0.660231	1409	2	57023	56431
0.671201	1429	0	82200	83406
0.679253	1439	2	41915	41915
0.691148	1462	2	88187	87511
0.701543	1475	0	111820	112064
0.706784	1475	0	111820	112064
0.712584	1475	0	111820	112064
0.726657	1500	0	87638	88143
0.738294	1518	0	132583	133825
0.748424	1523	0	143638	145334
0.760973	1523	0	143638	145334
0.774674	1541	0	75231	76997
0.784012	1554	2	119223	114395
0.798665	1571	0	168067	169071
0.808538	1571	0	168067	169071
0.819301	1571	0	168067	169071
0.826806	1574	0	35158	36400
0.841860	1590	0	94133	95638
0.851745	1601	0	131325	132067
0.858748	1607	0	153944	154932
0.863995	1611	2	173434	166840
0.875999	1619	0	199005	200248
0.881218	1619	0	199005	200248
0.892068	1619	0	199005	200248
0.905820	1619	0	199005	200248
0.913788	1625	0	49441	50179
0.920072	1631	0	69246	70013
0.930980	1643	3	118461	118461
0.940228	1650	0	154939	155668
0.951579	1661	0	199853	200367
0.957205	1664	0	211826	212576
0.963210	1667	0	224645	225395
0.969072	1667	0	224645	225395
0.982350	1667	0	224645	225395
0.994381	1667	0	224645	225395
1.008327	1673	0	50285	51815
1.019941	1680	3	90111	81100
1.027665	1686	0	117753	119484
1.034012	1692	0	143769	144516
1.042924	1700	0	182312	183053
1.054878	1709	0	227780	229012
1.068743	1715	0	260684	261169
1.083815	1715	0	260684	261169
1.092756	1715	0	260684	261169
1.104125	1715	0	260684	261169
1.119188	1721	0	51915	52163
1.130234	1727	0	81073	82075
1.142026	1736	0	132287	133516
1.154724	1744	3	184558	181208
1.161340	1748	0	203201	203946
1.174301	1757	0	246258	247246
1.186319	1761	0	269916	271938
1.195055	1761	0	269916	271938
1.201054	1761	0	269916	271938
1.208360	1761	0	269916	271938
1.219734	1761	0	269916	271938
1.228670	1761	0	269916	271938
1.237506	1761	0	269916	271938
1.245958	1761	0	269916	271938
1.257540	1761	0	269916	271938
1.269415	1761	0	269916	271938
1.274686	1761	0	269916	271938
1.289427	1761	0	269916	271938
1.300617	1761	0	269916	271938
1.307151	1761	0	269916	271938
1.315470	1761	0	269916	271938
1.326442	1761	0	269916	271938
1.333367	1761	0	269916	271938
1.344541	1761	0	269916	271938
1.353026	1761	0	269916	271938
1.367895	1761	0	269916	271938
1.377380	1761	0	269916	271938
1.388034	1761	0	269916	271938
1.394684	1761	0	269916	271938
1.409631	1761	0	269916	271938
1.422643	1761	0	269916	271938
1.433321	1761	0	269916	271938
1.440625	1761	0	269916	271938
1.448595	1761	0	269916	271938
1.461985	1761	0	269916	271938
1.469604	1761	0	269916	271938
1.476426	1761	0	269916	271938
1.484733	1761	0	269916	271938
1.491286	1761	0	269916	271938
1.503979	1761	0	269916	271938
1.512326	1761	0	269916	271938
1.522672	1761	0	269916	271938
1.532715	1793	2	60998	60766
1.539727	1809	0	84379	85383
1.548743	1809	0	84379	85383
1.558213	1827	0	56855	57863
1.571639	1856	2	111714	111165
1.579323	1857	0	112454	112951
1.587176	1857	0	112454	112951
1.596811	1865	0	46035	47789
1.606100	1879	0	81248	82245
1.614095	1892	2	114368	110802
1.624118	1903	0	140247	141000
1.639064	1903	0	140247	141000
1.651402	1913	2	58785	54559
1.660500	1924	2	88845	88845
1.665683	1930	0	107027	107966
1.676962	1942	0	147201	148397
1.688648	1951	0	176886	177132
1.703705	1951	0	176886	177132
1.716399	1953	2	34812	33278
1.727206	1964	3	71936	65979
1.737343	1975	2	107781	107781
1.750656	1985	0	145848	146348
1.760676	1993	0	174279	174772
1.771260	1999	0	197608	198348
1.782489	1999	0	197608	198348
1.790745	1999	0	197608	198348
1.797736	1999	0	197608	198348
1.812648	2009	0	67887	68903
1.822198	2017	0	96701	97441
1.833977	2028	3	145659	143373
1.845487	2038	0	188595	190303
1.860561	2047	0	229381	230364
1.874666	2047	0	229381	230364
1.887548	2047	0	229381	230364
1.898742	2049	2	36330	34033
1.905491	2054	2	60789	52336
1.911253	2059	0	79853	81088
1.919968	2065	0	111064	111559
1.929045	2071	0	139271	140016
1.939356	2080	0	185538	186526
1.946968	2085	3	214767	211968
1.961581	2095	0	263954	264447
1.975045	2095	0	263954	264447
1.983516	2095	0	263954	264447
1.991719	2095	0	263954	264447
2.006048	2095	0	263954	264447
2.015088	2098	0	39892	40888
2.022668	2103	0	72034	72287
2.032356	2108	0	94220	94713
2.046293	2117	0	135503	136228
2.061266	2127	0	198141	198639
2.067025	2132	0	219671	220411
2.072267	2135	0	236322	237062
2.085820	2139	0	258745	260731
2.100931	2139	0	258745	260731
2.114581	2139	0	258745	260731
2.125016	2140	2	28806	260731
2.139890	2175	2	66020	66020
2.146502	2187	0	83225	84215
2.155902	2187	0	83225	84215
2.169142	2214	0	74608	75598
2.177026	2228	0	101922	102669
2.185951	2234	0	111995	112493
2.197378	2234	0	111995	112493
2.212578	2252	0	71089	72346
2.220304	2263	0	97402	98412
2.226961	2272	0	118980	119734
2.236811	2281	0	142359	143106
2.247481	2281	0	142359	143106
2.253100	2281	0	142359	143106
2.268187	2287	0	42901	45105
2.279059	2299	0	77909	78651
2.290125	2311	0	114852	115844
2.297381	2316	3	133072	131348
2.302952	2321	0	149640	150381
2.308729	2326	0	163117	164107
2.320433	2329	0	174036	174288
2.334306	2329	0	174036	174288
2.346092	2332	0	35231	36507
2.354544	2341	0	66389	67635
2.363227	2350	0	97327	98305
2.377507	2363	0	148666	149154
2.387885	2372	3	183514	176508
2.401769	2377	0	198819	199570
2.409399	2377	0	198819	199570
2.418017	2377	0	198819	199570
2.432363	2377	0	198819	199570
2.447064	2390	3	78412	71045
2.461537	2401	0	120743	121708
2.472352	2410	0	159739	160975
2.479708	2416	0	188404	188886
2.493140	2425	0	226977	227963
2.501768	2425	0	226977	227963
2.513952	2425	0	226977	227963
2.528238	2425	0	226977	227963
2.537702	2425	0	226977	227963
2.550298	2434	0	64894	66641
2.561107	2442	3	107271	104483
2.568658	2446	0	123972	124715
2.573913	2450	0	145751	146475
2.583689	2458	3	184645	184645
2.591871	2464	3	213040	213040
2.603619	2470	0	245055	245560
2.614637	2473	0	262286	262789
2.622765	2473	0	262286	262789
2.629991	2473	0	262286	262789
2.638240	2473	0	262286	262789
2.649501	2473	0	262286	262789
2.664390	2473	0	262286	262789
2.674975	2479	0	53234	54263
2.683139	2483	0	81833	83057
2.689918	2487	0	96614	97881
2.700331	2493	0	126960	128220
2.709322	2499	0	159842	160844
2.719347	2505	0	195717	196450
2.733036	2514	0	241472	242217
2.739981	2518	0	264823	266820
2.752515	2518	0	264823	266820
2.766204	2518	0	264823	266820
2.774120	2518	0	264823	266820
2.786216	2518	0	264823	266820
2.793047	2518	0	264823	266820
2.798752	2518	0	264823	266820
2.808696	2518	0	264823	266820
2.817943	2518	0	264823	266820
2.825676	2518	0	264823	266820
2.835908	2518	0	264823	266820
2.846195	2518	0	264823	266820
2.852530	2518	0	264823	266820
2.867511	2518	0	264823	266820
2.881083	2518	0	264823	266820
2.892534	2518	0	264823	266820
2.904467	2518	0	264823	266820
2.915666	2518	0	264823	266820
2.929287	2518	0	264823	266820
2.943273	2518	0	264823	266820
2.951337	2518	0	264823	266820
2.958452	2518	0	264823	266820
2.969859	2518	0	264823	266820
2.975533	2518	0	264823	266820
2.989246	2518	0	264823	266820
2.995440	2518	0	264823	266820
3.004278	2518	0	264823	266820
3.015887	2518	0	264823	266820
3.026805	2518	0	264823	266820
3.033031	2518	0	264823	266820
3.046019	2518	0	264823	266820
3.054936	2518	0	264823	266820
3.061501	2518	0	264823	266820
3.071024	2518	0	264823	266820
3.083069	2518	0	264823	266820
3.090944	2518	0	264823	266820
3.102598	2518	0	264823	266820
3.113922	2518	0	264823	266820
3.121726	2518	0	264823	266820
3.131456	2518	0	264823	266820
3.145663	2519	2	28917	266820
3.152201	2540	3	52028	51543
3.164839	2566	0	87577	88322
3.176914	2567	2	29673	88322
3.183337	2579	0	49711	50958
3.193265	2599	2	82598	82598
3.206909	2613	0	111916	112668
3.212911	2613	0	111916	112668
3.223773	2616	0	34039	34550
3.231079	2628	3	57284	57284
3.239321	2640	3	86507	86507
3.250732	2655	0	124312	125310
3.262298	2661	0	140560	141053
3.275692	2661	0	140560	141053
3.286972	2665	0	40453	41954
3.298146	2679	3	78394	78394
3.313173	2695	3	132523	127508
3.326006	2709	0	176854	178094
3.332503	2709	0	176854	178094
3.342184	2709	0	176854	178094
3.355801	2709	0	176854	178094
3.370528	2715	0	45984	46749
3.381007	2724	0	75966	77240
3.395385	2736	0	118409	119388
3.404265	2742	0	138886	139899
3.410340	2745	0	150275	151262
3.421821	2755	0	191628	192134
3.431223	2757	0	194283	195263
3.445689	2757	0	194283	195263
3.456848	2757	0	194283	195263
3.468928	2757	0	194283	195263
3.480436	2763	0	49418	51179
3.493404	2772	0	86914	87413
3.502757	2781	3	122072	122072
3.515808	2789	3	161792	159108
3.530340	2799	0	205208	205703
3.543515	2805	0	232358	233086
3.557426	2805	0	232358	233086
3.569213	2805	0	232358	233086
3.582007	2805	0	232358	233086
3.594101	2808	0	38228	38478
3.601935	2814	0	63811	64063
3.615473	2823	0	102486	103693
3.628115	2832	0	143867	144612
3.640730	2841	0	186788	187794
3.648828	2847	0	216020	217228
3.659124	2853	0	244926	246160
3.672480	2853	0	244926	246160
3.684609	2853	0	244926	246160
3.691441	2853	0	244926	246160
3.704689	2853	0	244926	246160
3.715771	2854	0	34227	34722
3.726456	2860	0	65017	66269
3.738426	2868	0	100989	101739
3.750624	2874	0	132725	133746
3.763101	2881	0	178705	180446
3.771489	2887	0	212260	212769
3.780364	2893	3	246581	246581
3.791200	2897	0	273208	275655
3.804822	2897	0	273208	275655
3.811679	2897	0	273208	275655
3.826084	2897	0	273208	275655
3.839034	2897	0	273208	275655
3.850009	2897	0	273208	275655
3.865076	2897	0	273208	275655
3.874223	2897	0	273208	275655
3.888748	2897	0	273208	275655
3.899634	2897	0	273208	275655
3.907560	2897	0	273208	275655
3.919241	2897	0	273208	275655
3.928257	2897	0	273208	275655
3.937300	2897	0	273208	275655
3.950270	2897	0	273208	275655
3.959262	2897	0	273208	275655
3.968444	2897	0	273208	275655
3.976650	2897	0	273208	275655
3.991850	2897	0	273208	275655
4.002902	2897	0	273208	275655
4.017655	2897	0	273208	275655
4.030599	2897	0	273208	275655
4.038376	2897	0	273208	275655
4.048572	2897	0	273208	275655
4.059391	2897	0	273208	275655
4.070288	2897	0	273208	275655
4.082279	2897	0	273208	275655
4.095166	2897	0	273208	275655
4.102814	2897	0	273208	275655
4.111756	2897	0	273208	275655
4.123266	2897	0	273208	275655
4.133062	2897	0	273208	275655
4.145456	2897	0	273208	275655
4.159109	2897	0	273208	275655
4.168797	2897	0	273208	275655
4.176378	2897	0	273208	275655
4.184643	2897	0	273208	275655
4.193291	2897	0	273208	275655
4.202105	2897	0	273208	275655
4.216394	2897	0	273208	275655
4.224721	2897	0	273208	275655
4.232891	2897	0	273208	275655
4.243591	2897	0	273208	275655
4.255755	2897	0	273208	275655
4.269595	2897	0	273208	275655
4.279372	2898	2	114042	275655
4.292416	2907	2	145202	145109
4.306769	2918	3	191205	191205
4.318214	2927	2	235317	235317
4.326281	2933	2	265388	265388
4.336044	2939	0	299442	301925
4.342478	2943	3	322520	318332
4.350380	2945	0	331604	335056
4.358179	2945	0	331604	335056
4.370029	2945	0	331604	335056
4.381191	2945	0	331604	335056
4.391754	2945	0	331604	335056
4.400413	2946	0	117449	121248
4.411647	2953	3	156915	155348
4.420513	2957	0	179836	184323
4.434071	2965	3	235092	233282
4.439511	2968	3	254348	252538
4.452965	2975	0	301677	305893
4.464119	2981	2	347025	347025
4.476608	2985	3	382639	373437
4.484742	2988	0	407141	411525
4.495503	2993	0	440605	442828
4.502006	2993	0	440605	442828
4.515165	2993	0	440605	442828
4.529072	2993	0	440605	442828
4.544242	2993	0	440605	442828
4.557318	2993	0	440605	442828
4.566032	2993	0	440605	442828
4.579238	2994	3	120298	442828
4.587865	2997	0	145084	147992
4.602315	3003	2	194794	183816
4.613863	3007	3	225643	221844
4.620937	3010	2	255527	251728
4.632207	3014	3	292726	292726
4.643815	3017	0	323477	327690
4.655749	3021	0	371383	374879
4.663886	3024	3	402027	387947
4.670128	3026	0	413942	418108
4.678252	3029	3	444181	444181
4.691374	3032	0	472142	476023
4.705095	3037	2	526318	521835
4.719453	3041	3	562292	562292
4.724954	3041	0	562292	566245
4.738043	3041	0	562292	566245
4.745749	3041	0	562292	566245
4.752581	3041	0	562292	566245
4.758287	3041	0	562292	566245
4.765289	3041	0	562292	566245
4.772033	3041	0	562292	566245
4.785003	3041	0	562292	566245
4.796271	3041	0	562292	566245
4.804781	3041	0	562292	566245
4.815192	3041	0	562292	566245
4.821855	3041	0	562292	566245
4.829063	3041	0	562292	566245
4.840615	3044	2	136973	136973
4.846890	3044	0	136973	141997
4.854102	3047	0	172634	177658
4.864594	3050	0	207146	210591
4.871763	3052	3	235189	230975
4.877437	3053	0	238465	241910
4.882898	3056	2	271452	271452
4.888645	3056	0	271452	276165
4.900241	3059	0	307977	312690
4.905968	3061	2	341260	335681
4.920595	3065	0	382765	386955
4.930626	3068	0	421335	424271
4.938512	3070	2	453612	448147
4.950816	3074	2	494868	494868
4.960049	3075	0	520259	524464
4.972544	3079	3	569084	563660
4.983418	3081	0	598147	600645
4.994216	3083	0	610253	614926
5.006752	3086	0	651246	654207
5.017594	3089	2	690581	690581
5.029216	3089	0	690581	693542
5.038872	3089	0	690581	693542
5.050453	3089	0	690581	693542
5.060108	3089	0	690581	693542
5.074255	3089	0	690581	693542
5.082223	3089	0	690581	693542
5.091496	3089	0	690581	693542
5.104101	3089	0	690581	693542
5.113313	3089	0	690581	693542
5.124510	3089	0	690581	693542
5.133156	3089	0	690581	693542
5.140001	3089	0	690581	693542
5.145354	3089	0	690581	693542
5.159381	3089	0	690581	693542
5.170046	3089	0	690581	693542
5.176178	3090	0	126105	129561
5.188003	3093	0	166999	170455
5.201151	3096	0	208489	212270
5.207854	3098	0	223051	227082
5.213278	3098	0	223051	227082
5.224000	3101	0	264291	268322
5.237759	3104	0	303609	307338
5.252345	3107	0	341136	344865
5.262878	3110	0	382594	386090
5.274058	3113	3	425564	425564
5.282924	3114	3	454480	429060
5.290858	3116	0	469754	473232
5.298540	3117	0	497870	503839
5.305265	3119	0	513144	516622
5.320331	3122	0	554028	558719
5.331322	3125	0	597675	602366
5.337035	3125	0	597675	602366
5.348784	3128	0	644124	647562
5.359384	3131	0	689225	692663
5.366282	3132	0	719256	722942
5.377724	3134	0	733416	736880
5.390138	3136	3	773483	766708
5.396577	3137	0	777182	780646
5.411388	3137	0	777182	780646
5.421265	3137	0	777182	780646
5.428476	3137	0	777182	780646
5.439275	3137	0	777182	780646
5.447872	3137	0	777182	780646
5.453370	3137	0	777182	780646
5.461664	3137	0	777182	780646
5.468586	3137	0	777182	780646
5.475964	3137	0	777182	780646
5.482978	3137	0	777182	780646
5.494910	3137	0	777182	780646
5.508958	3137	0	777182	780646
5.517631	3137	0	777182	780646
5.526021	3137	0	777182	780646
5.535259	3137	0	777182	780646
5.543101	3137	0	777182	780646
5.551210	3137	0	777182	780646
5.561562	3137	0	777182	780646
5.567729	3139	3	140818	132619
5.578439	3140	0	145364	150020
5.591616	3143	0	194637	199293
5.604754	3146	0	243243	246748
5.619741	3149	0	288340	291845
5.631844	3150	0	319936	323960
5.643242	3153	3	365901	337843
5.658391	3156	3	411085	383808
5.665505	3158	0	428273	432781
5.677662	3160	2	476216	467398
5.691299	3162	0	515335	519481
5.700992	3164	0	533651	536580
5.714368	3167	0	585669	588598
5.720634	3168	3	619386	588598
5.734431	3170	0	638278	642735
5.741322	3171	0	674898	679617
5.751468	3173	0	693790	698247
5.763344	3176	0	749413	753090
5.770253	3176	0	749413	753090
5.777810	3178	2	798914	789673
5.784960	3179	0	803366	807043
5.795642	3181	2	850895	842001
5.802968	3182	0	856333	859761
5.816125	3183	0	892135	895081
5.826039	3185	0	909413	912841
5.831775	3185	0	909413	912841
5.839799	3185	0	909413	912841
5.853936	3185	0	909413	912841
5.861948	3185	0	909413	912841
5.869269	3185	0	909413	912841
5.884435	3185	0	909413	912841
5.890126	3185	0	909413	912841
5.899665	3185	0	909413	912841
5.910029	3185	0	909413	912841
5.922272	3185	0	909413	912841
5.929110	3185	0	909413	912841
5.941809	3185	0	909413	912841
5.948160	3185	0	909413	912841
5.955833	3185	0	909413	912841
5.962259	3185	0	909413	912841
5.970793	3185	0	909413	912841
5.984934	3185	0	909413	912841
5.998531	3185	0	909413	912841
6.005558	3185	0	909413	912841
6.011505	3185	0	909413	912841
6.026128	3185	0	909413	912841
6.032942	3186	0	132535	135606
6.045283	3188	0	149671	152455
6.059504	3191	0	202145	204929
6.069169	3192	3	238064	204929
6.075597	3193	3	250841	241752
6.088885	3194	0	254505	258752
6.098973	3197	0	308815	313062
6.110203	3197	0	308815	313062
6.121705	3200	0	364333	368046
6.127840	3200	0	364333	368046
6.141642	3203	0	419592	423305
6.146959	3204	3	459363	423305
6.158880	3206	0	476358	479646
6.170920	3208	3	528305	519229
6.183159	3210	3	566900	534531
6.190731	3212	0	584884	589158
6.197195	3212	0	584884	589158
6.209766	3215	0	643258	647532
6.215852	3215	0	643258	647532
6.227559	3218	0	704517	708561
6.236265	3219	2	745581	708561
6.247779	3221	0	763800	767844
6.256417	3221	0	763800	767844
6.271349	3224	0	823416	827291
6.281063	3225	0	864820	869846
6.295800	3227	0	883180	887055
6.310211	3230	0	943282	946734
6.323349	3230	0	943282	946734
6.329156	3231	0	984962	989105
6.335168	3232	2	999760	989105
6.344892	3233	0	1004122	1007574
6.350773	3233	0	1004122	1007574
6.364852	3233	0	1004122	1007574
6.370677	3233	0	1004122	1007574
6.380250	3233	0	1004122	1007574
6.391403	3233	0	1004122	1007574
6.404794	3233	0	1004122	1007574
6.414072	3233	0	1004122	1007574
6.429008	3233	0	1004122	1007574
6.434393	3233	0	1004122	1007574
6.444100	3233	0	1004122	1007574
6.451907	3233	0	1004122	1007574
6.461780	3233	0	1004122	1007574
6.475681	3233	0	1004122	1007574
6.490034	3233	0	1004122	1007574
6.500801	3233	0	1004122	1007574
6.506378	3233	0	1004122	1007574
6.520249	3233	0	1004122	1007574
6.532079	3233	0	1004122	1007574
6.539633	3233	0	1004122	1007574
6.548691	3233	0	1004122	1007574
6.560108	3233	0	1004122	1007574
6.574050	3233	0	1004122	1007574
6.586339	3236	0	154856	157651
6.592409	3236	0	154856	157651
6.604571	3238	2	209821	199651
6.613706	3239	0	214778	217573
6.627955	3242	2	274571	274571
6.634622	3242	0	274571	277576
6.649398	3245	1	332676	332676
6.656973	3245	0	332676	335681
6.664634	3246	3	373275	335681
6.673230	3247	3	388411	377612
6.686157	3248	0	391928	395702
6.694284	3250	2	450753	439954
6.707052	3251	0	454270	458044
6.712247	3252	0	496963	500389
6.723281	3254	0	516180	520400
6.734851	3255	0	561455	564881
6.743278	3257	0	580672	584892
6.755712	3258	0	625134	628152
6.762433	3260	3	644671	644671
6.770163	3260	0	644671	650343
6.775615	3260	0	644671	650343
6.787002	3263	0	712321	717993
6.795198	3263	0	712321	717993
6.801485	3264	0	764638	769110
6.810042	3266	0	781800	785240
6.815361	3266	0	781800	785240
6.829866	3269	0	843212	846652
6.839700	3269	0	843212	846652
6.849879	3272	3	906451	906451
6.864897	3272	0	906451	909674
6.877951	3274	2	968296	956525
6.884990	3275	0	973061	976284
6.895159	3275	0	973061	976284
6.903704	3277	3	1025976	1022726
6.912311	3277	0	1025976	1034013
6.926043	3278	0	1068767	1072021
6.933074	3279	0	1075271	1083308
6.944089	3279	0	1075271	1083308
6.958271	3279	0	1075271	1083308
6.972243	3279	0	1075271	1083308
6.982803	3279	0	1075271	1083308
6.991711	3279	0	1075271	1083308
7.006394	3279	0	1075271	1083308
7.016740	3279	0	1075271	1083308
7.029492	3279	0	1075271	1083308
7.041313	3279	0	1075271	1083308
7.048103	3279	0	1075271	1083308
7.055128	3279	0	1075271	1083308
7.069887	3279	0	1075271	1083308
7.080204	3279	0	1075271	1083308
7.086569	3279	0	1075271	1083308
7.094665	3279	0	1075271	1083308
7.102312	3279	0	1075271	1083308
7.109126	3279	0	1075271	1083308
7.122133	3279	0	1075271	1083308
7.137315	3279	0	1075271	1083308
7.149366	3279	0	1075271	1083308
7.162804	3279	0	1075271	1083308
7.169991	3279	0	1075271	1083308
7.181143	3279	0	1075271	1083308
7.192563	3279	0	1075271	1083308
7.204043	3279	0	1075271	1083308
7.214280	3279	0	1075271	1083308
7.219527	3279	0	1075271	1083308
7.225389	3279	0	1075271	1083308
7.231121	3279	0	1075271	1083308
7.243299	3279	0	1075271	1083308
7.254967	3279	0	1075271	1083308
7.270123	3279	0	1075271	1083308
7.276181	3279	0	1075271	1083308
7.289156	3279	0	1075271	1083308
7.302379	3279	0	1075271	1083308
7.316596	3279	0	1075271	1083308
7.328099	3279	0	1075271	1083308
7.339752	3279	0	1075271	1083308
7.352000	3279	0	1075271	1083308
7.366613	3279	0	1075271	1083308
7.373410	3279	0	1075271	1083308
7.386767	3279	0	1075271	1083308
7.398270	3279	0	1075271	1083308
7.403931	3279	0	1075271	1083308
7.416890	3279	0	1075271	1083308
7.425050	3279	0	1075271	1083308
7.435050	3279	0	1075271	1083308
7.445328	3279	0	1075271	1083308
7.453275	3279	0	1075271	1083308
7.464927	3279	0	1075271	1083308
7.475172	3279	0	1075271	1083308
7.488037	3279	0	1075271	1083308
7.498512	3279	0	1075271	1083308
7.506663	3279	0	1075271	1083308
7.514757	3279	0	1075271	1083308
7.523200	3279	0	1075271	1083308
7.534952	3279	0	1075271	1083308
7.540414	3279	0	1075271	1083308
7.546172	3279	0	1075271	1083308
7.557669	3279	0	1075271	1083308
7.563415	3279	0	1075271	1083308
7.571789	3279	0	1075271	1083308
7.577566	3279	0	1075271	1083308
7.586002	3279	0	1075271	1083308
7.601022	3279	0	1075271	1083308
7.611053	3279	0	1075271	1083308
7.621958	3279	0	1075271	1083308
7.627479	3279	0	1075271	1083308
7.638976	3279	0	1075271	1083308
7.648462	3279	0	1075271	1083308
7.654335	3279	0	1075271	1083308
7.660125	3279	0	1075271	1083308
7.666312	3279	0	1075271	1083308
7.674860	3279	0	1075271	1083308
7.681037	3279	0	1075271	1083308
7.687810	3279	0	1075271	1083308
7.694476	3279	0	1075271	1083308
7.701321	3279	0	1075271	1083308
7.709400	3279	0	1075271	1083308
7.721318	3279	0	1075271	1083308
7.735635	3279	0	1075271	1083308
7.742400	3279	0	1075271	1083308
7.751154	3279	0	1075271	1083308
7.756372	3279	0	1075271	1083308
7.762218	3279	0	1075271	1083308
7.768858	3279	0	1075271	1083308
7.778948	3279	0	1075271	1083308
7.789858	3279	0	1075271	1083308
7.801439	3279	0	1075271	1083308
7.812002	3279	0	1075271	1083308
7.823075	3279	0	1075271	1083308
7.829430	3279	0	1075271	1083308
7.838414	3279	0	1075271	1083308
7.843943	3279	0	1075271	1083308
7.851054	3279	0	1075271	1083308
7.859497	3279	0	1075271	1083308
7.871272	3279	0	1075271	1083308
7.881796	3279	0	1075271	1083308
7.888242	3279	0	1075271	1083308
7.900911	3279	0	1075271	1083308
7.912349	3279	0	1075271	1083308
7.923053	3279	0	1075271	1083308
7.937956	3279	0	1075271	1083308
7.944971	3279	0	1075271	1083308
7.959454	3279	0	1075271	1083308
7.967571	3279	0	1075271	1083308
7.974393	3279	0	1075271	1083308
7.984391	3279	0	1075271	1083308
7.996362	3279	0	1075271	1083308
8.004342	3279	0	1075271	1083308
8.016671	3279	0	1075271	1083308
8.030009	3279	0	1075271	1083308
8.042677	3279	0	1075271	1083308
8.050995	3279	0	1075271	1083308
8.058265	3279	0	1075271	1083308
8.070165	3279	0	1075271	1083308
8.075577	3279	0	1075271	1083308
8.084999	3279	0	1075271	1083308
8.099750	3279	0	1075271	1083308
8.107700	3279	0	1075271	1083308
8.116965	3279	0	1075271	1083308
8.131839	3279	0	1075271	1083308
8.144247	3279	0	1075271	1083308
8.150902	3279	0	1075271	1083308
8.161761	3279	0	1075271	1083308
8.172217	3279	0	1075271	1083308
8.185159	3279	0	1075271	1083308
8.193734	3279	0	1075271	1083308
8.199210	3279	0	1075271	1083308
8.208789	3279	0	1075271	1083308
8.221914	3279	0	1075271	1083308
8.230569	3279	0	1075271	1083308
8.239308	3279	0	1075271	1083308
8.251639	3279	0	1075271	1083308
8.262160	3279	0	1075271	1083308
8.272977	3279	0	1075271	1083308
8.284853	3279	0	1075271	1083308
8.291720	3279	0	1075271	1083308
8.305954	3279	0	1075271	1083308
8.313357	3279	0	1075271	1083308
8.324803	3279	0	1075271	1083308
8.339693	3279	0	1075271	1083308
8.348900	3279	0	1075271	1083308
8.356587	3279	0	1075271	1083308
8.362250	3279	0	1075271	1083308
8.371229	3279	0	1075271	1083308
8.383241	3279	0	1075271	1083308
8.395408	3279	0	1075271	1083308
8.410079	3279	0	1075271	1083308
8.424506	3279	0	1075271	1083308
8.437111	3279	0	1075271	1083308
8.449496	3279	0	1075271	1083308
8.459482	3279	0	1075271	1083308
8.465337	3279	0	1075271	1083308
8.474775	3279	0	1075271	1083308
8.483491	3279	0	1075271	1083308
8.493085	3279	0	1075271	1083308
8.500310	3279	0	1075271	1083308
8.515453	3279	0	1075271	1083308
8.524936	3279	0	1075271	1083308
8.539642	3279	0	1075271	1083308
8.553666	3279	0	1075271	1083308
8.564876	3279	0	1075271	1083308
8.578776	3279	0	1075271	1083308
8.587775	3279	0	1075271	1083308
8.599617	3279	0	1075271	1083308
8.613521	3279	0	1075271	1083308
8.625292	3279	0	1075271	1083308
8.634658	3279	0	1075271	1083308
8.643526	3279	0	1075271	1083308
8.656934	3279	0	1075271	1083308
8.662382	3279	0	1075271	1083308
8.672699	3279	0	1075271	1083308
8.679279	3279	0	1075271	1083308
8.685509	3279	0	1075271	1083308
8.691137	3279	0	1075271	1083308
8.704924	3279	0	1075271	1083308
8.713520	3279	0	1075271	1083308
8.718836	3279	0	1075271	1083308
8.732073	3279	0	1075271	1083308
8.739788	3279	0	1075271	1083308
8.752557	3279	0	1075271	1083308
8.764871	3279	0	1075271	1083308
8.770850	3279	0	1075271	1083308
8.781230	3279	0	1075271	1083308
8.791408	3279	0	1075271	1083308
8.802450	3279	0	1075271	1083308
8.813107	3279	0	1075271	1083308
8.823274	3279	0	1075271	1083308
8.834055	3279	0	1075271	1083308
8.847307	3279	0	1075271	1083308
8.853462	3279	0	1075271	1083308
8.865907	3279	0	1075271	1083308
8.880930	3279	0	1075271	1083308
8.892510	3279	0	1075271	1083308
8.900087	3279	0	1075271	1083308
8.914928	3279	0	1075271	1083308
8.921478	3279	0	1075271	1083308
8.934144	3284	3	132817	132812
8.941571	3289	3	155731	155572
8.949993	3294	3	180078	180078
8.959982	3300	2	205795	205795
8.965219	3303	2	220319	220319
8.979970	3312	2	265993	265993
8.986841	3315	0	281227	283938
8.997808	3321	0	310150	312604
9.005027	3325	0	334213	336689
9.011964	3327	0	342925	348088
9.018501	3327	0	342925	348088
9.026926	3327	0	342925	348088
9.037400	3327	0	342925	348088
9.048405	3327	0	342925	348088
9.059398	3327	0	342925	348088
9.066751	3327	0	342925	348088
9.079577	3328	2	117418	348088
9.091601	3333	0	143119	146430
9.101565	3337	0	171327	177382
9.108847	3341	3	195789	194057
9.123446	3347	3	234879	233043
9.131811	3351	0	259364	262864
9.143270	3355	3	292556	284733
9.157588	3360	0	325235	329155
9.168075	3363	0	348025	351945
9.182870	3369	0	396647	399863
9.196751	3375	0	445943	449565
9.206103	3375	0	445943	449565
9.215376	3375	0	445943	449565
9.220930	3375	0	445943	449565
9.234409	3375	0	445943	449565
9.240626	3375	0	445943	449565
9.254161	3375	0	445943	449565
9.260525	3375	0	445943	449565
9.265722	3375	0	445943	449565
9.279578	3375	0	445943	449565
9.288761	3375	0	445943	449565
9.302948	3378	0	130681	135894
9.316548	3381	0	157272	162485
9.322316	3382	0	173985	177895
9.334694	3387	0	212437	215459
9.342040	3389	3	233766	230166
9.354088	3393	0	266372	271850
9.365193	3396	0	296619	299831
9.376153	3399	0	323646	326858
9.383803	3402	0	351236	354673
9.394131	3404	3	376254	372600
9.403717	3407	3	404032	400438
9.416676	3411	0	435924	439398
9.425564	3414	0	465577	468939
9.437085	3418	2	513765	499156
9.445909	3420	0	526519	530118
9.456654	3423	0	558415	562014
9.466696	3423	0	558415	562014
9.477190	3423	0	558415	562014
9.482937	3423	0	558415	562014
9.492258	3423	0	558415	562014
9.500867	3423	0	558415	562014
9.508980	3423	0	558415	562014
9.516914	3423	0	558415	562014
9.523751	3423	0	558415	562014
9.538011	3423	0	558415	562014
9.550241	3423	0	558415	562014
9.556304	3423	0	558415	562014
9.563557	3423	0	558415	562014
9.573739	3423	0	558415	562014
9.579163	3424	2	123263	562014
9.587190	3426	0	136347	140091
9.598522	3429	0	169401	173145
9.612032	3432	0	204366	208152
9.621195	3433	0	225374	230805
9.636155	3438	0	272127	275608
9.645896	3440	3	299979	295791
9.652687	3441	0	303405	306886
9.660385	3444	0	337452	340713
9.674165	3447	0	371835	375096
9.683318	3450	0	407698	410439
9.694899	3453	0	443458	446199
9.707793	3456	0	477741	481705
9.721966	3459	0	513861	517825
9.732611	3461	3	547061	541396
9.738050	3462	0	552007	554941
9.748477	3465	0	589900	592834
9.755189	3466	0	614238	619670
9.767592	3469	0	653492	658924
9.774748	3471	0	668537	671525
9.783535	3471	0	668537	671525
9.793890	3471	0	668537	671525
9.802722	3471	0	668537	671525
9.815109	3471	0	668537	671525
9.828962	3471	0	668537	671525
9.835123	3471	0	668537	671525
9.846896	3471	0	668537	671525
9.852708	3471	0	668537	671525
9.860845	3471	0	668537	671525
9.866967	3471	0	668537	671525
9.880370	3471	0	668537	671525
9.890553	3471	0	668537	671525
9.901164	3471	0	668537	671525
9.906860	3471	0	668537	671525
9.912459	3471	0	668537	671525
9.918218	3471	0	668537	671525
9.923839	3471	0	668537	671525
9.933437	3473	3	137009	130243
9.941548	3474	0	142026	146293
9.955215	3477	0	184924	189191
9.962683	3478	3	211998	189191
9.970605	3480	0	225922	230166
9.984243	3483	3	266602	266602
9.990293	3483	0	266602	270846
9.999340	3485	2	305683	299137
10.013965	3487	0	336807	341311
10.019405	3489	0	352635	355609
10.024906	3489	0	352635	355609
10.034853	3492	0	393862	397572
10.048156	3495	3	434784	434784
10.054887	3495	0	434784	438494
10.065835	3498	0	475412	479154
10.074611	3499	0	503366	506876
10.080713	3501	0	517183	520925
10.093932	3504	0	556654	561573
10.103271	3505	0	586057	588052
10.109504	3507	0	597625	602544
10.123982	3510	0	643699	646934
10.136460	3513	0	688847	692082
10.142804	3513	0	688847	692082
10.155271	3516	0	733206	737598
10.162761	3517	0	764222	768657
10.171030	3519	0	778575	782967
10.176538	3519	0	778575	782967
10.186451	3519	0	778575	782967
10.196107	3519	0	778575	782967
10.203725	3519	0	778575	782967
10.213457	3519	0	778575	782967
10.226542	3519	0	778575	782967
10.232428	3519	0	778575	782967
10.238855	3519	0	778575	782967
10.248716	3519	0	778575	782967
10.254882	3519	0	778575	782967
10.265802	3519	0	778575	782967
10.279110	3519	0	778575	782967
10.290355	3519	0	778575	782967
10.300577	3519	0	778575	782967
10.313358	3519	0	778575	782967
10.327687	3519	0	778575	782967
10.339800	3519	0	778575	782967
10.352677	3519	0	778575	782967
10.360073	3519	0	778575	782967
10.375180	3522	0	147841	150879
10.380357	3523	0	178967	183880
10.388177	3525	0	197125	200163
10.402275	3527	3	241579	233350
10.410352	3528	0	246302	249555
10.418635	3529	0	278172	282906
10.433116	3531	0	295858	299111
10.443344	3534	0	344074	347714
10.449789	3534	0	344074	347714
10.463813	3537	0	392195	395835
10.477808	3540	0	438889	442602
10.490405	3542	2	481256	474284
10.500977	3543	0	484517	488230
10.509038	3545	3	529445	520578
10.516457	3546	0	534173	537662
10.526884	3549	2	586409	586409
10.539345	3550	0	620715	624647
10.545085	3552	0	636405	642298
10.557645	3554	3	686798	677732
10.565719	3555	0	689490	695383
10.574911	3558	3	742419	742419
10.581662	3558	0	742419	747577
10.590738	3560	3	790888	782182
10.601307	3561	0	794597	799755
10.611731	3564	0	849921	853593
10.621160	3564	0	849921	853593
10.635270	3567	0	900639	904311
10.645197	3567	0	900639	904311
10.654287	3567	0	900639	904311
10.662754	3567	0	900639	904311
10.677505	3567	0	900639	904311
10.690699	3567	0	900639	904311
10.704207	3567	0	900639	904311
10.709829	3567	0	900639	904311
10.715190	3567	0	900639	904311
10.723949	3567	0	900639	904311
10.736051	3567	0	900639	904311
10.744326	3567	0	900639	904311
10.757992	3567	0	900639	904311
10.767873	3567	0	900639	904311
10.780736	3567	0	900639	904311
10.794736	3567	0	900639	904311
10.805418	3567	0	900639	904311
10.815240	3567	0	900639	904311
10.829200	3567	0	900639	904311
10.835350	3567	0	900639	904311
10.841131	3567	0	900639	904311
10.855899	3567	0	900639	904311
10.865289	3570	0	150980	155256
10.878097	3571	3	188901	155256
10.889665	3573	0	207103	211379
10.899535	3574	0	243868	246881
10.910784	3576	0	261906	266869
10.917959	3576	0	261906	266869
10.924742	3577	0	301423	304436
10.936204	3579	0	319461	324424
10.950792	3580	0	362274	367926
10.959165	3582	0	380366	383594
10.967718	3583	2	418108	383594
10.980429	3585	0	436200	439428
10.992572	3588	2	489053	489053
11.002273	3588	0	489053	492770
11.011885	3591	3	543292	543292
11.023809	3591	0	543292	547009
11.034473	3594	0	600151	603162
11.048702	3596	3	652381	642525
11.060252	3597	0	657802	660813
11.066006	3598	0	697265	701723
11.080247	3601	2	757698	720469
11.095090	3603	0	776289	780902
11.109771	3606	0	838136	841605
11.117700	3606	0	838136	841605
11.126203	3607	0	879331	883541
11.138746	3609	0	898945	902414
11.150653	3612	0	956716	961905
11.158666	3612	0	956716	961905
11.164501	3614	2	1012912	1002675
11.178001	3615	0	1016344	1021533
11.183621	3615	0	1016344	1021533
11.196071	3615	0	1016344	1021533
11.206928	3615	0	1016344	1021533
11.213061	3615	0	1016344	1021533
11.226035	3615	0	1016344	1021533
11.233480	3615	0	1016344	1021533
11.245852	3615	0	1016344	1021533
11.257582	3615	0	1016344	1021533
11.270944	3615	0	1016344	1021533
11.284835	3615	0	1016344	1021533
11.297697	3615	0	1016344	1021533
11.309997	3615	0	1016344	1021533
11.320704	3615	0	1016344	1021533
11.332516	3615	0	1016344	1021533
11.344364	3615	0	1016344	1021533
11.358442	3615	0	1016344	1021533
11.369016	3615	0	1016344	1021533
11.377333	3615	0	1016344	1021533
11.384787	3615	0	1016344	1021533
11.397357	3615	0	1016344	1021533
11.410400	3615	0	1016344	1021533
11.420077	3615	0	1016344	1021533
11.430122	3618	3	152854	152854
11.445029	3619	3	195838	157345
11.460022	3621	0	213559	218050
11.467767	3622	2	256481	218050
11.477683	3624	0	275912	281160
11.489904	3624	0	275912	281160
11.502907	3627	0	340896	346144
11.509291	3627	0	340896	346144
11.523064	3629	3	400052	390644
11.534000	3630	0	403800	407767
11.544792	3631	0	446293	448764
11.556643	3633	0	461920	465887
11.569043	3634	2	505711	465887
11.580900	3636	0	523180	527437
11.591538	3637	2	567555	527437
11.603545	3639	0	585024	589281
11.618359	3640	3	628407	589281
11.625938	3642	3	645068	645068
11.634351	3642	0	645068	649313
11.640235	3642	0	645068	649313
11.647488	3644	3	702402	692180
11.660220	3645	0	706344	710589
11.666219	3646	0	752995	757342
11.671486	3648	0	771125	774328
11.686190	3649	0	815519	819866
11.693668	3651	0	833649	836852
11.707547	3651	0	833649	836852
11.717260	3654	0	897696	900143
11.726421	3654	0	897696	900143
11.735917	3655	0	942113	946481
11.749192	3657	0	962014	964461
11.758091	3659	3	1014549	1010382
11.767856	3659	0	1014549	1021850
11.774686	3661	3	1065402	1061235
11.782511	3661	0	1065402	1072703
11.787908	3661	0	1065402	1072703
11.802112	3661	0	1065402	1072703
11.811080	3661	0	1065402	1072703
11.820350	3661	0	1065402	1072703
11.829690	3661	0	1065402	1072703
11.837462	3661	0	1065402	1072703
11.846570	3661	0	1065402	1072703
11.856543	3661	0	1065402	1072703
11.867196	3661	0	1065402	1072703
11.882358	3661	0	1065402	1072703
11.892672	3661	0	1065402	1072703
11.900558	3661	0	1065402	1072703
11.909089	3661	0	1065402	1072703
11.920498	3661	0	1065402	1072703
11.934424	3661	0	1065402	1072703
11.940433	3661	0	1065402	1072703
11.953505	3661	0	1065402	1072703
11.965398	3661	0	1065402	1072703
11.980497	3661	0	1065402	1072703
11.987527	3661	0	1065402	1072703
12.001859	3661	0	1065402	1072703
12.016005	3661	0	1065402	1072703
12.024178	3662	2	114122	1072703
12.029481	3662	2	114122	1072703
12.035986	3662	2	114122	1072703
12.050406	3662	2	114122	1072703
12.060336	3670	2	144764	144764
12.065630	3673	2	157334	157334
12.080748	3682	0	197270	200919
12.092169	3689	3	232044	229932
12.107147	3697	2	273622	273622
12.122388	3703	0	304006	306431
12.128552	3706	2	319257	319257
12.142388	3709	0	335266	340421
12.154261	3709	0	335266	340421
12.166155	3709	0	335266	340421
12.176021	3709	0	335266	340421
12.189182	3709	0	335266	340421
12.199940	3709	0	335266	340421
12.209611	3713	3	134676	129828
12.219424	3716	0	151746	155004
12.230243	3721	3	180298	180298
12.241018	3725	3	209484	203547
12.250051	3729	3	235562	233758
12.262533	3734	0	268370	272335
12.268698	3736	0	279397	283517
12.278616	3740	2	314376	306120
12.286228	3743	2	336013	328033
12.296843	3746	3	359733	350592
12.304590	3748	0	371001	374461
12.319697	3753	2	415179	412674
12.328475	3755	0	430411	434367
12.343293	3757	0	441965	445663
12.349206	3757	0	441965	445663
12.359744	3757	0	441965	445663
12.367120	3757	0	441965	445663
12.379588	3757	0	441965	445663
12.392702	3757	0	441965	445663
12.399109	3757	0	441965	445663
12.405230	3757	0	441965	445663
12.417473	3757	0	441965	445663
12.426519	3757	0	441965	445663
12.433672	3757	0	441965	445663
12.446895	3757	0	441965	445663
12.456316	3759	3	126183	123365
12.469312	3763	0	155585	160822
12.479051	3766	0	179843	185824
12.493314	3770	0	222562	225386
12.506431	3775	3	263584	263584
12.518484	3778	0	294909	299127
12.526213	3781	2	324321	324321
12.539027	3784	0	352656	356120
12.544847	3785	3	370425	356120
12.559831	3790	2	410606	410606
12.567829	3791	0	429436	433121
12.578118	3795	2	463474	460221
12.584221	3796	0	466688	470648
12.599216	3801	2	524689	520207
12.611421	3805	3	560061	560061
12.624574	3805	0	560061	563804
12.634964	3805	0	560061	563804
12.647072	3805	0	560061	563804
12.656761	3805	0	560061	563804
12.671290	3805	0	560061	563804
12.681122	3805	0	560061	563804
12.694769	3805	0	560061	563804
12.702125	3805	0	560061	563804
12.715240	3805	0	560061	563804
12.728694	3805	0	560061	563804
12.737294	3805	0	560061	563804
12.749858	3806	2	123177	563804
12.759739	3808	0	137137	142119
12.771349	3811	0	172211	175971
12.777362	3813	2	201465	197267
12.787974	3815	0	224324	229722
12.802209	3819	2	268639	263275
12.809515	3820	0	273069	277793
12.819354	3823	0	307623	311126
12.824985	3824	0	327719	332152
12.830172	3826	0	342227	346468
12.842653	3829	0	379206	382417
12.855140	3832	2	415280	415280
12.864185	3833	3	438039	418292
12.876441	3836	0	472778	476909
12.887129	3838	0	487500	492386
12.893636	3839	0	513747	517632
12.905054	3842	3	549374	530188
12.917682	3845	3	586798	566152
12.931791	3848	0	625168	629602
12.943078	3850	0	640235	643130
12.952121	3853	0	679997	682926
12.958752	3853	0	679997	682926
12.968169	3853	0	679997	682926
12.980748	3853	0	679997	682926
12.991687	3853	0	679997	682926
13.004080	3853	0	679997	682926
13.012857	3853	0	679997	682926
13.024258	3853	0	679997	682926
13.035693	3853	0	679997	682926
13.046696	3853	0	679997	682926
13.054831	3853	0	679997	682926
13.069055	3853	0	679997	682926
13.075401	3853	0	679997	682926
13.081265	3853	0	679997	682926
13.089508	3853	0	679997	682926
13.101375	3853	0	679997	682926
13.114714	3853	0	679997	682926
13.127478	3854	0	126134	129663
13.139117	3856	0	140475	144962
13.151370	3859	0	182950	187187
13.165169	3862	3	225056	225056
13.173957	3863	0	251199	253655
13.186632	3865	0	265109	269330
13.192800	3866	0	293426	296176
13.206370	3869	3	330664	308719
13.214661	3871	0	346378	349358
13.220121	3871	0	346378	349358
13.230135	3873	3	384316	377579
13.237662	3874	0	388521	391915
13.242922	3874	0	388521	391915
13.252122	3876	2	427984	421775
13.263046	3877	0	430461	434118
13.278145	3880	0	473448	476853
13.288378	3881	0	500531	504007
13.296955	3883	0	514375	518073
13.310350	3886	0	556066	560758
13.321242	3887	0	585938	587932
13.328606	3889	0	597507	602394
13.340019	3892	0	643292	646747
13.353362	3894	2	684031	676834
13.368069	3896	3	718393	691644
13.376723	3898	0	732567	735984
13.386791	3900	3	773807	766577
13.401164	3901	0	776544	780976
13.407569	3901	0	776544	780976
13.420166	3901	0	776544	780976
13.427751	3901	0	776544	780976
13.440505	3901	0	776544	780976
13.450567	3901	0	776544	780976
13.456938	3901	0	776544	780976
13.467943	3901	0	776544	780976
13.481514	3901	0	776544	780976
13.494517	3901	0	776544	780976
13.500846	3901	0	776544	780976
13.509175	3901	0	776544	780976
13.517227	3901	0	776544	780976
13.524904	3901	0	776544	780976
13.530170	3901	0	776544	780976
13.537888	3901	0	776544	780976
13.544763	3901	0	776544	780976
13.559171	3901	0	776544	780976
13.566137	3901	0	776544	780976
13.578926	3901	0	776544	780976
13.591833	3902	0	128907	132693
13.597417	3904	3	145353	145353
13.604121	3904	0	145353	150164
13.613127	3906	2	192264	184070
13.621814	3907	0	197301	200340
13.627427	3908	0	229290	232789
13.635760	3910	0	243487	247020
13.643765	3911	2	273941	247020
13.649126	3912	2	286962	278706
13.663681	3913	0	291705	294960
13.678117	3916	0	339313	342525
13.685312	3917	0	369908	373864
13.697297	3919	0	385572	389292
13.706347	3921	3	431205	422393
13.719049	3922	0	435175	439627
13.724392	3924	2	481060	474093
13.730000	3925	0	484304	488035
13.742489	3926	0	515826	520015
13.756150	3928	0	534208	537182
13.769029	3931	0	586123	589585
13.777026	3932	3	620230	589585
13.784157	3934	3	639150	639150
13.791753	3934	0	639150	643522
13.805086	3937	0	691656	697448
13.814775	3938	3	729689	697448
13.826628	3940	0	747864	751548
13.840521	3943	0	798578	803763
13.850279	3944	3	835798	803763
13.856375	3946	3	853087	853087
13.865918	3946	0	853087	856512
13.872821	3948	3	905428	897244
13.887020	3949	0	906897	910611
13.892511	3949	0	906897	910611
13.899680	3949	0	906897	910611
13.909102	3949	0	906897	910611
13.921069	3949	0	906897	910611
13.931029	3949	0	906897	910611
13.936399	3949	0	906897	910611
13.946863	3949	0	906897	910611
13.956073	3949	0	906897	910611
13.970442	3949	0	906897	910611
13.984024	3949	0	906897	910611
13.995840	3949	0	906897	910611
14.006779	3949	0	906897	910611
14.020742	3949	0	906897	910611
14.030634	3949	0	906897	910611
14.036819	3949	0	906897	910611
14.044613	3949	0	906897	910611
14.055049	3949	0	906897	910611
14.066797	3949	0	906897	910611
14.079789	3949	0	906897	910611
14.093112	3949	0	906897	910611
14.103068	3949	0	906897	910611
14.109532	3949	0	906897	910611
14.116003	3949	0	906897	910611
14.124821	3949	0	906897	910611
14.134136	3951	3	144157	135627
14.141730	3952	0	149719	152445
14.148462	3952	0	149719	152445
14.156233	3954	2	199653	189970
14.161493	3955	0	203431	207646
14.175381	3956	0	241664	245349
14.182236	3958	0	258231	262532
14.193251	3959	2	294564	262532
14.202960	3961	0	312537	317535
14.214416	3962	2	353982	317535
14.229335	3964	0	371228	374983
14.235176	3965	2	410638	374983
14.247758	3967	0	428755	431996
14.258366	3967	0	428755	431996
14.273568	3970	0	483881	487123
14.279984	3970	0	483881	487123
14.293975	3973	0	536458	540177
14.300750	3973	0	536458	540177
14.312180	3976	3	591811	591811
14.325573	3976	0	591811	595969
14.336271	3979	0	651699	654640
14.343921	3979	0	651699	654640
14.351043	3980	2	692334	654640
14.357416	3982	2	711019	711019
14.368641	3982	0	711019	715241
14.375415	3984	2	766142	755444
14.385244	3985	0	769610	774324
14.395595	3986	0	812969	818160
14.406818	3988	0	831603	835548
14.412062	3988	0	831603	835548
14.421566	3991	0	891652	895128
14.436674	3992	0	933466	937610
14.451204	3994	0	952689	956140
14.460214	3995	0	993744	996693
14.470564	3997	0	1010330	1015510
14.477351	3997	0	1010330	1015510
14.484038	3997	0	1010330	1015510
14.494978	3997	0	1010330	1015510
14.502987	3997	0	1010330	1015510
14.510797	3997	0	1010330	1015510
14.518815	3997	0	1010330	1015510
14.533321	3997	0	1010330	1015510
14.542865	3997	0	1010330	1015510
14.555884	3997	0	1010330	1015510
14.561664	3997	0	1010330	1015510
14.572174	3997	0	1010330	1015510
14.581186	3997	0	1010330	1015510
14.586868	3997	0	1010330	1015510
14.593082	3997	0	1010330	1015510
14.601846	3997	0	1010330	1015510
14.608287	3997	0	1010330	1015510
14.614147	3997	0	1010330	1015510
14.624894	3997	0	1010330	1015510
14.630521	3997	0	1010330	1015510
14.645328	3997	0	1010330	1015510
14.654009	3997	0	1010330	1015510
14.667404	3997	0	1010330	1015510
14.677196	3997	0	1010330	1015510
14.687135	3997	0	1010330	1015510
14.697396	3997	0	1010330	1015510
14.707823	3997	0	1010330	1015510
14.719809	3997	0	1010330	1015510
14.729840	3997	0	1010330	1015510
14.741791	3997	0	1010330	1015510
14.754263	3998	0	136082	139848
14.763852	4000	0	155099	157873
14.773972	4000	0	155099	157873
14.785866	4003	0	213024	217540
14.795601	4003	0	213024	217540
14.806270	4005	2	272399	262907
14.817087	4006	0	275624	278550
14.829499	4008	3	329453	317733
14.839304	4009	0	333464	338605
14.847701	4009	0	333464	338605
14.858617	4012	0	399878	403602
14.868578	4012	0	399878	403602
14.874972	4013	0	443031	445525
14.889453	4015	0	458716	462697
14.902146	4016	0	500721	504207
14.908498	4018	0	520088	524281
14.918302	4018	0	520088	524281
14.928549	4019	0	567204	571684
14.940729	4021	0	584690	588884
14.947639	4021	0	584690	588884
14.959483	4024	3	645779	645779
14.973512	4024	0	645779	651531
14.986945	4027	0	712280	716508
14.993084	4027	0	712280	716508
15.006546	4028	0	759442	763804
15.017757	4030	0	776370	779782
15.027608	4030	0	776370	779782
15.041623	4033	0	838246	841418
15.049053	4033	0	838246	841418
15.054887	4034	3	881622	841418
15.060857	4034	0	881622	885565
15.068069	4036	0	901985	905235
15.079689	4037	0	949116	953541
15.086389	4039	0	969240	971740
15.100506	4039	0	969240	971740
15.106097	4041	3	1020108	1016866
15.117148	4041	0	1020108	1028070
15.129446	4043	3	1071861	1067642
15.138968	4043	0	1071861	1079356
15.152900	4043	0	1071861	1079356
15.162086	4043	0	1071861	1079356
15.173273	4043	0	1071861	1079356
15.187238	4043	0	1071861	1079356
15.194952	4043	0	1071861	1079356
15.202453	4043	0	1071861	1079356
15.208192	4043	0	1071861	1079356
15.213426	4043	0	1071861	1079356
15.226114	4043	0	1071861	1079356
15.237700	4043	0	1071861	1079356
15.249936	4043	0	1071861	1079356
15.259786	4043	0	1071861	1079356
15.271410	4043	0	1071861	1079356
15.285147	4043	0	1071861	1079356
15.296551	4043	0	1071861	1079356
15.304828	4043	0	1071861	1079356
15.312408	4043	0	1071861	1079356
15.323079	4043	0	1071861	1079356
15.336295	4043	0	1071861	1079356
15.348338	4043	0	1071861	1079356
15.359332	4043	0	1071861	1079356
15.369612	4043	0	1071861	1079356
15.381114	4043	0	1071861	1079356
15.395052	4043	0	1071861	1079356
15.410010	4043	0	1071861	1079356
15.415493	4043	0	1071861	1079356
15.429660	4043	0	1071861	1079356
15.435349	4043	0	1071861	1079356
15.444629	4043	0	1071861	1079356
15.452021	4043	0	1071861	1079356
15.461838	4043	0	1071861	1079356
15.467863	4043	0	1071861	1079356
15.474983	4043	0	1071861	1079356
15.481565	4043	0	1071861	1079356
15.493130	4043	0	1071861	1079356
15.503860	4043	0	1071861	1079356
15.509423	4043	0	1071861	1079356
15.519694	4043	0	1071861	1079356
15.526766	4043	0	1071861	1079356
15.538217	4043	0	1071861	1079356
15.544680	4043	0	1071861	1079356
15.554310	4043	0	1071861	1079356
15.561756	4043	0	1071861	1079356
15.568042	4043	0	1071861	1079356
15.579751	4043	0	1071861	1079356
15.592764	4043	0	1071861	1079356
15.601330	4043	0	1071861	1079356
15.607318	4043	0	1071861	1079356
15.618167	4043	0	1071861	1079356
15.624163	4043	0	1071861	1079356
15.634546	4043	0	1071861	1079356
15.647481	4043	0	1071861	1079356
15.657204	4043	0	1071861	1079356
15.671357	4043	0	1071861	1079356
15.683327	4043	0	1071861	1079356
15.691884	4043	0	1071861	1079356
15.706044	4043	0	1071861	1079356
15.719010	4043	0	1071861	1079356
15.727613	4043	0	1071861	1079356
15.742373	4043	0	1071861	1079356
15.755872	4043	0	1071861	1079356
15.765773	4043	0	1071861	1079356
15.775156	4043	0	1071861	1079356
15.788551	4043	0	1071861	1079356
15.796448	4043	0	1071861	1079356
15.805173	4043	0	1071861	1079356
15.819486	4043	0	1071861	1079356
15.827337	4043	0	1071861	1079356
15.840172	4043	0	1071861	1079356
15.849627	4043	0	1071861	1079356
15.855182	4043	0	1071861	1079356
15.863923	4043	0	1071861	1079356
15.871069	4043	0	1071861	1079356
15.885552	4043	0	1071861	1079356
15.895408	4043	0	1071861	1079356
15.906339	4043	0	1071861	1079356
15.916246	4043	0	1071861	1079356
15.925425	4043	0	1071861	1079356
15.931445	4043	0	1071861	1079356
15.942017	4043	0	1071861	1079356
15.951336	4043	0	1071861	1079356
15.961783	4043	0	1071861	1079356
15.968655	4043	0	1071861	1079356
15.975555	4043	0	1071861	1079356
15.990632	4043	0	1071861	1079356
16.004669	4043	0	1071861	1079356
16.011049	4043	0	1071861	1079356
16.016989	4043	0	1071861	1079356
16.027574	4043	0	1071861	1079356
16.040831	4043	0	1071861	1079356
16.046915	4043	0	1071861	1079356
16.053692	4043	0	1071861	1079356
16.063368	4043	0	1071861	1079356
16.072358	4043	0	1071861	1079356
16.084237	4043	0	1071861	1079356
16.094943	4043	0	1071861	1079356
16.102058	4043	0	1071861	1079356
16.112681	4043	0	1071861	1079356
16.118662	4043	0	1071861	1079356
16.129135	4043	0	1071861	1079356
16.141457	4043	0	1071861	1079356
16.155970	4043	0	1071861	1079356
16.161783	4043	0	1071861	1079356
16.174774	4043	0	1071861	1079356
16.186317	4043	0	1071861	1079356
16.192764	4043	0	1071861	1079356
16.199184	4043	0	1071861	1079356
16.208346	4043	0	1071861	1079356
16.220850	4043	0	1071861	1079356
16.226212	4043	0	1071861	1079356
16.233718	4043	0	1071861	1079356
16.242545	4043	0	1071861	1079356
16.250601	4043	0	1071861	1079356
16.261619	4043	0	1071861	1079356
16.274617	4043	0	1071861	1079356
16.280893	4043	0	1071861	1079356
16.289607	4043	0	1071861	1079356
16.295188	4043	0	1071861	1079356
16.308298	4043	0	1071861	1079356
16.319489	4043	0	1071861	1079356
16.330320	4043	0	1071861	1079356
16.345188	4043	0	1071861	1079356
16.358708	4043	0	1071861	1079356
16.373202	4043	0	1071861	1079356
16.378805	4043	0	1071861	1079356
16.388715	4043	0	1071861	1079356
16.400727	4043	0	1071861	1079356
16.411274	4043	0	1071861	1079356
16.423261	4043	0	1071861	1079356
16.429982	4043	0	1071861	1079356
16.442010	4043	0	1071861	1079356
16.455369	4043	0	1071861	1079356
16.466769	4043	0	1071861	1079356
16.472777	4043	0	1071861	1079356
16.484690	4043	0	1071861	1079356
16.495252	4043	0	1071861	1079356
16.503086	4043	0	1071861	1079356
16.515375	4043	0	1071861	1079356
16.529257	4043	0	1071861	1079356
16.543006	4043	0	1071861	1079356
16.555473	4043	0	1071861	1079356
16.563748	4043	0	1071861	1079356
16.576669	4043	0	1071861	1079356
16.588682	4043	0	1071861	1079356
16.601920	4043	0	1071861	1079356
16.611042	4043	0	1071861	1079356
16.621000	4043	0	1071861	1079356
16.630366	4043	0	1071861	1079356
16.644342	4043	0	1071861	1079356
16.650541	4043	0	1071861	1079356
16.662367	4043	0	1071861	1079356
16.672978	4043	0	1071861	1079356
16.687483	4043	0	1071861	1079356
16.695332	4043	0	1071861	1079356
16.705229	4043	0	1071861	1079356
16.711460	4043	0	1071861	1079356
16.723162	4043	0	1071861	1079356
16.737337	4043	0	1071861	1079356
16.746434	4043	0	1071861	1079356
16.756885	4043	0	1071861	1079356
16.770290	4043	0	1071861	1079356
16.775566	4043	0	1071861	1079356
16.782336	4043	0	1071861	1079356
16.793682	4043	0	1071861	1079356
16.805676	4043	0	1071861	1079356
16.812124	4043	0	1071861	1079356
16.820617	4043	0	1071861	1079356
16.834822	4043	0	1071861	1079356
16.844572	4043	0	1071861	1079356
16.851253	4043	0	1071861	1079356
16.865848	4043	0	1071861	1079356
16.872664	4043	0	1071861	1079356
16.878458	4043	0	1071861	1079356
16.884929	4043	0	1071861	1079356
16.896392	4043	0	1071861	1079356
16.909195	4043	0	1071861	1079356
16.920581	4043	0	1071861	1079356
16.929467	4043	0	1071861	1079356
16.938829	4043	0	1071861	1079356
16.945277	4043	0	1071861	1079356
16.951608	4043	0	1071861	1079356
16.958301	4043	0	1071861	1079356
16.970044	4043	0	1071861	1079356
16.981425	4043	0	1071861	1079356
16.992133	4043	0	1071861	1079356
17.000266	4043	0	1071861	1079356
17.012133	4043	0	1071861	1079356
17.018155	4043	0	1071861	1079356
17.029698	4043	0	1071861	1079356
17.040315	4043	0	1071861	1079356
17.047089	4043	0	1071861	1079356
17.061675	4043	0	1071861	1079356
17.070111	4043	0	1071861	1079356
17.075633	4043	0	1071861	1079356
17.090363	4043	0	1071861	1079356
17.097797	4043	0	1071861	1079356
17.105929	4043	0	1071861	1079356
17.117347	4043	0	1071861	1079356
17.129279	4043	0	1071861	1079356
17.140585	4043	0	1071861	1079356
17.148327	4043	0	1071861	1079356
17.159566	4043	0	1071861	1079356
17.173604	4043	0	1071861	1079356
17.180393	4043	0	1071861	1079356
17.187129	4043	0	1071861	1079356
17.197113	4043	0	1071861	1079356
17.210102	4043	0	1071861	1079356
17.219076	4043	0	1071861	1079356
17.233001	4043	0	1071861	1079356
17.247465	4043	0	1071861	1079356
17.260580	4043	0	1071861	1079356
17.273918	4043	0	1071861	1079356
17.282764	4043	0	1071861	1079356
17.293184	4043	0	1071861	1079356
17.304243	4043	0	1071861	1079356
17.309681	4043	0	1071861	1079356
17.321695	4043	0	1071861	1079356
17.326930	4043	0	1071861	1079356
17.340152	4043	0	1071861	1079356
17.354433	4043	0	1071861	1079356
17.368979	4043	0	1071861	1079356
17.379760	4043	0	1071861	1079356
17.385029	4043	0	1071861	1079356
17.392458	4043	0	1071861	1079356
17.405476	4043	0	1071861	1079356
17.416492	4043	0	1071861	1079356
17.425478	4043	0	1071861	1079356
17.440420	4050	3	141175	141099
17.448612	4054	2	158468	158377
17.461100	4061	2	187347	187347
17.469095	4065	2	206950	205572
17.475949	4068	0	222055	224300
17.490176	4076	2	261344	261344
17.502750	4082	0	291997	295711
17.517281	4089	0	333762	338190
17.531102	4091	0	342868	346786
17.545727	4091	0	342868	346786
17.551150	4091	0	342868	346786
17.556525	4091	0	342868	346786
17.569130	4091	0	342868	346786
17.583341	4091	0	342868	346786
17.594990	4091	0	342868	346786
17.607686	4095	3	137409	131969
17.617533	4100	3	164079	164079
17.623349	4101	0	174512	179404
17.631602	4104	0	194703	197954
17.645959	4109	0	226321	229340
17.655610	4113	2	256572	249925
17.665357	4115	0	265708	271262
17.679529	4121	3	310881	310881
17.687527	4124	0	333566	337040
17.701144	4130	2	376940	376940
17.708575	4132	2	398310	395882
17.723581	4137	2	436483	426954
17.737878	4139	0	446498	450930
17.750320	4139	0	446498	450930
17.764674	4139	0	446498	450930
17.779104	4139	0	446498	450930
17.790325	4139	0	446498	450930
17.798945	4139	0	446498	450930
17.811931	4139	0	446498	450930
17.824549	4139	0	446498	450930
17.834871	4139	0	446498	450930
17.841884	4139	0	446498	450930
17.855112	4143	0	146418	150662
17.867871	4148	3	182513	182513
17.881207	4151	0	208065	213383
17.891391	4154	0	236231	241974
17.901625	4157	0	267872	271371
17.911424	4160	3	294112	294112
17.916838	4160	0	294112	297783
17.931131	4164	2	340346	327002
17.939701	4167	2	369516	356297
17.951445	4170	2	399391	385404
17.963406	4173	0	430512	433211
17.971104	4175	0	441114	446295
17.984731	4179	0	490340	493543
17.991105	4181	0	500279	504965
18.000354	4184	3	532075	532075
18.013696	4187	3	563730	563730
18.023410	4187	0	563730	566189
18.030201	4187	0	563730	566189
18.043564	4187	0	563730	566189
18.053674	4187	0	563730	566189
18.062400	4187	0	563730	566189
18.075521	4187	0	563730	566189
18.083301	4187	0	563730	566189
18.092369	4187	0	563730	566189
18.102204	4187	0	563730	566189
18.115247	4187	0	563730	566189
18.128581	4187	0	563730	566189
18.142136	4187	0	563730	566189
18.154019	4187	0	563730	566189
18.167749	4187	0	563730	566189
18.173144	4189	2	129923	125739
18.187453	4191	0	155131	160704
18.195287	4193	0	168767	172749
18.209877	4196	0	202282	206291
18.222355	4199	0	236551	240294
18.237160	4202	0	270742	275203
18.245785	4204	3	302538	297546
18.252119	4205	0	307558	310569
18.258082	4206	3	328651	310569
18.264834	4208	2	342699	342699
18.274166	4209	3	365042	346943
18.284744	4211	0	378422	382688
18.295090	4214	0	415518	420718
18.308978	4217	0	454583	459041
18.316109	4218	0	478197	479915
18.324188	4220	0	488693	493551
18.336002	4222	2	522933	517560
18.348714	4224	0	550190	554866
18.356678	4226	0	565439	568394
18.365342	4227	0	588613	592300
18.373273	4229	0	602121	606833
18.385252	4232	0	643909	647615
18.395794	4234	2	678745	673013
18.409023	4235	0	681946	686377
18.418284	4235	0	681946	686377
18.428855	4235	0	681946	686377
18.440742	4235	0	681946	686377
18.453203	4235	0	681946	686377
18.462444	4235	0	681946	686377
18.472538	4235	0	681946	686377
18.478605	4235	0	681946	686377
18.485691	4235	0	681946	686377
18.494912	4235	0	681946	686377
18.504077	4235	0	681946	686377
18.510216	4235	0	681946	686377
18.519879	4235	0	681946	686377
18.526721	4235	0	681946	686377
18.532761	4235	0	681946	686377
18.544820	4235	0	681946	686377
18.550301	4235	0	681946	686377
18.563574	4235	0	681946	686377
18.574294	4235	0	681946	686377
18.589311	4235	0	681946	686377
18.596053	4236	0	126585	131281
18.610279	4238	0	141361	145649
18.618936	4241	3	182199	182199
18.627155	4241	0	182199	185249
18.640429	4244	0	219740	223075
18.652993	4247	0	259134	263416
18.667870	4249	2	301569	293971
18.673935	4250	0	305326	308495
18.686867	4251	0	333691	338911
18.694555	4253	0	347405	350087
18.703341	4255	3	382352	376285
18.710319	4256	0	386325	389283
18.720455	4259	2	425976	425976
18.726009	4259	0	425976	431148
18.735706	4262	2	470977	470977
18.742150	4262	0	470977	473925
18.753906	4265	0	512124	515856
18.759873	4265	0	512124	515856
18.766792	4266	0	541482	546430
18.780551	4268	0	555469	559087
18.788501	4271	2	598941	598941
18.795495	4271	0	598941	601832
18.801182	4272	3	628586	601832
18.811809	4274	0	644210	646429
18.818045	4275	0	671005	675208
18.827388	4277	0	686253	690430
18.841666	4280	0	731761	735454
18.853959	4281	0	762482	767085
18.864673	4283	0	776673	779630
18.874591	4283	0	776673	779630
18.887235	4283	0	776673	779630
18.898980	4283	0	776673	779630
18.907235	4283	0	776673	779630
18.919684	4283	0	776673	779630
18.929252	4283	0	776673	779630
18.940913	4283	0	776673	779630
18.950186	4283	0	776673	779630
18.962527	4283	0	776673	779630
18.974988	4283	0	776673	779630
18.987212	4283	0	776673	779630
19.000798	4283	0	776673	779630
19.006216	4283	0	776673	779630
19.016826	4283	0	776673	779630
19.025164	4283	0	776673	779630
19.034069	4283	0	776673	779630
19.048094	4283	0	776673	779630
19.053550	4283	0	776673	779630
19.065675	4283	0	776673	779630
19.073870	4283	0	776673	779630
19.081912	4285	2	141681	133637
19.089668	4286	0	145179	150227
19.096969	4286	0	145179	150227
19.106187	4289	0	192957	196231
19.114064	4289	0	192957	196231
19.124293	4290	0	223647	227606
19.131935	4292	0	237582	242058
19.141532	4293	2	270372	242058
19.155061	4295	0	284674	288385
19.164827	4296	0	316021	321197
19.174868	4298	0	332570	335786
19.188868	4299	0	363519	366959
19.199185	4301	0	378656	383357
19.210752	4302	0	413106	417288
19.221047	4304	0	428388	433061
19.226204	4305	2	462636	433061
19.234380	4307	0	478659	483121
19.249106	4308	0	513257	517466
19.258432	4310	0	529507	533491
19.265684	4310	0	529507	533491
19.279261	4313	0	579573	583581
19.287259	4313	0	579573	583581
19.301887	4316	0	633119	635847
19.315942	4319	3	683521	683521
19.326660	4319	0	683521	687442
19.332483	4320	0	719683	724082
19.344598	4322	0	735759	740170
19.351973	4324	3	782804	773902
19.357718	4325	0	787766	791725
19.368855	4326	0	824304	827526
19.382642	4328	0	840244	844699
19.392970	4330	3	892751	883104
19.400323	4331	0	897458	900184
19.411936	4331	0	897458	900184
19.421333	4331	0	897458	900184
19.434713	4331	0	897458	900184
19.441341	4331	0	897458	900184
19.453491	4331	0	897458	900184
19.467901	4331	0	897458	900184
19.483123	4331	0	897458	900184
19.491703	4331	0	897458	900184
19.502500	4331	0	897458	900184
19.509193	4331	0	897458	900184
19.517376	4331	0	897458	900184
19.522832	4331	0	897458	900184
19.528638	4331	0	897458	900184
19.538966	4331	0	897458	900184
19.549172	4331	0	897458	900184
19.560335	4331	0	897458	900184
19.571466	4331	0	897458	900184
19.580642	4331	0	897458	900184
19.587986	4331	0	897458	900184
19.597215	4331	0	897458	900184
19.605325	4331	0	897458	900184
19.618365	4331	0	897458	900184
19.629036	4331	0	897458	900184
19.636046	4331	0	897458	900184
19.643515	4331	0	897458	900184
19.655172	4331	0	897458	900184
19.666711	4333	3	145473	136189
19.681081	4334	0	150277	153930
19.694153	4337	0	207742	210926
19.709059	4338	0	244778	250315
19.719425	4340	0	261996	266933
19.726453	4340	0	261996	266933
19.731826	4341	2	299959	266933
19.743061	4343	0	317938	322163
19.750973	4343	0	317938	322163
19.761716	4346	2	373886	373886
19.767464	4346	0	373886	379098
19.779249	4347	3	416286	379098
19.790541	4349	0	432485	437214
19.805501	4351	3	481899	472655
19.812601	4352	0	486855	491493
19.825640	4353	0	527659	530645
19.840451	4355	0	543258	547434
19.850234	4357	3	594184	583123
19.859545	4358	0	598892	604586
19.870958	4359	3	643737	604586
19.876508	4360	3	657132	647459
19.883806	4361	0	661097	665057
19.891197	4361	0	661097	665057
19.899046	4363	3	715574	705292
19.908368	4364	0	718944	723358
19.913986	4364	0	718944	723358
19.923669	4367	3	778896	778896
19.935059	4367	0	778896	781338
19.949646	4370	0	835005	838980
19.964422	4371	0	876512	879486
19.976448	4373	0	893756	897703
19.985002	4374	0	934556	939151
19.996570	4376	0	955325	960018
20.011208	4379	0	1018613	1023069
20.018598	4379	0	1018613	1023069
20.027013	4379	0	1018613	1023069
20.032865	4379	0	1018613	1023069
20.038481	4379	0	1018613	1023069
20.048883	4379	0	1018613	1023069
20.057442	4379	0	1018613	1023069
20.066950	4379	0	1018613	1023069
20.078473	4379	0	1018613	1023069
20.092704	4379	0	1018613	1023069
20.100583	4379	0	1018613	1023069
20.110390	4379	0	1018613	1023069
20.123149	4379	0	1018613	1023069
20.134603	4379	0	1018613	1023069
20.142172	4379	0	1018613	1023069
20.149646	4379	0	1018613	1023069
20.159505	4379	0	1018613	1023069
20.170159	4379	0	1018613	1023069
20.179140	4379	0	1018613	1023069
20.187954	4379	0	1018613	1023069
20.197218	4379	0	1018613	1023069
20.212003	4379	0	1018613	1023069
20.221401	4379	0	1018613	1023069
20.230088	4379	0	1018613	1023069
20.241746	4379	0	1018613	1023069
20.251427	4379	0	1018613	1023069
20.261260	4379	0	1018613	1023069
20.270123	4379	0	1018613	1023069
20.277743	4379	0	1018613	1023069
20.290905	4379	0	1018613	1023069
20.304565	4379	0	1018613	1023069
20.311808	4379	0	1018613	1023069
20.321502	4380	0	134732	138705
20.327170	4382	3	154872	154872
20.334446	4382	0	154872	159634
20.340141	4382	0	154872	159634
20.345990	4383	0	200773	204256
20.353102	4385	3	217180	217180
20.360243	4385	0	217180	221972
20.368370	4385	0	217180	221972
20.378678	4387	2	275544	262922
20.393869	4388	0	280809	285224
20.405174	4389	0	328006	332313
20.413820	4391	0	346125	351311
20.423544	4391	0	346125	351311
20.430065	4391	0	346125	351311
20.438288	4392	0	390428	394649
20.447197	4394	0	411742	415719
20.456265	4394	0	411742	415719
20.463236	4395	2	458584	415719
20.476838	4397	0	477068	481063
20.491597	4398	0	520879	526239
20.502594	4400	0	542096	546314
20.511015	4400	0	542096	546314
20.524446	4403	2	603875	603875
20.536953	4403	0	603875	608407
20.551838	4405	3	663807	651942
20.559795	4406	0	668020	672505
20.569655	4406	0	668020	672505
20.581115	4409	3	736986	736986
20.587247	4409	0	736986	740204
20.601749	4410	0	782331	785796
20.615964	4412	0	802777	806669
20.626692	4413	0	849523	853229
20.632653	4415	0	868748	873794
20.646115	4415	0	868748	873794
20.655588	4418	2	937677	937677
20.665493	4418	0	937677	941115
20.672511	4419	0	979688	983120
20.685450	4421	0	1001241	1004202
20.694931	4421	0	1001241	1004202
20.704647	4423	0	1056632	1062980
20.711081	4423	0	1056632	1062980
20.718665	4424	3	1097712	1062980
20.733860	4425	0	1104482	1110577
20.740987	4425	0	1104482	1110577
20.756078	4425	0	1104482	1110577
20.769124	4425	0	1104482	1110577
20.774850	4425	0	1104482	1110577
20.787010	4425	0	1104482	1110577
20.792852	4425	0	1104482	1110577
20.801299	4425	0	1104482	1110577
20.807248	4425	0	1104482	1110577
20.820401	4425	0	1104482	1110577
20.833359	4425	0	1104482	1110577
20.840903	4425	0	1104482	1110577
20.851285	4425	0	1104482	1110577
20.862062	4425	0	1104482	1110577
20.867714	4425	0	1104482	1110577
20.874297	4425	0	1104482	1110577
20.880095	4425	0	1104482	1110577
20.890589	4425	0	1104482	1110577
20.898417	4425	0	1104482	1110577
20.905326	4425	0	1104482	1110577
20.913132	4425	0	1104482	1110577
20.925288	4425	0	1104482	1110577
20.937891	4425	0	1104482	1110577
20.952381	4425	0	1104482	1110577
20.963350	4425	0	1104482	1110577
20.970439	4425	0	1104482	1110577
20.982509	4425	0	1104482	1110577
20.989133	4425	0	1104482	1110577
20.998009	4425	0	1104482	1110577
21.010787	4425	0	1104482	1110577
21.025282	4425	0	1104482	1110577
21.036880	4425	0	1104482	1110577
21.046295	4425	0	1104482	1110577
21.053428	4425	0	1104482	1110577
21.060713	4425	0	1104482	1110577
21.067784	4425	0	1104482	1110577
21.073211	4425	0	1104482	1110577
21.081663	4425	0	1104482	1110577
21.087931	4425	0	1104482	1110577
21.097150	4425	0	1104482	1110577
21.105217	4425	0	1104482	1110577
21.120412	4425	0	1104482	1110577
21.134682	4425	0	1104482	1110577
21.146946	4425	0	1104482	1110577
21.153327	4425	0	1104482	1110577
21.166958	4425	0	1104482	1110577
21.175394	4425	0	1104482	1110577
21.182215	4425	0	1104482	1110577
21.188258	4425	0	1104482	1110577
21.201092	4425	0	1104482	1110577
21.209895	4425	0	1104482	1110577
21.216338	4425	0	1104482	1110577
21.222117	4425	0	1104482	1110577
21.234198	4425	0	1104482	1110577
21.246447	4425	0	1104482	1110577
21.253291	4425	0	1104482	1110577
21.267990	4425	0	1104482	1110577
21.280691	4425	0	1104482	1110577
21.291879	4425	0	1104482	1110577
21.303185	4425	0	1104482	1110577
21.317592	4425	0	1104482	1110577
21.331917	4425	0	1104482	1110577
21.342659	4425	0	1104482	1110577
21.352488	4425	0	1104482	1110577
21.360367	4425	0	1104482	1110577
21.374505	4425	0	1104482	1110577
21.381602	4425	0	1104482	1110577
21.395496	4425	0	1104482	1110577
21.403416	4425	0	1104482	1110577
21.414451	4425	0	1104482	1110577
21.427278	4425	0	1104482	1110577
21.441934	4425	0	1104482	1110577
21.447217	4425	0	1104482	1110577
21.457732	4425	0	1104482	1110577
21.467453	4425	0	1104482	1110577
21.476096	4425	0	1104482	1110577
21.484154	4425	0	1104482	1110577
21.492007	4425	0	1104482	1110577
21.503886	4425	0	1104482	1110577
21.509499	4425	0	1104482	1110577
21.519561	4425	0	1104482	1110577
21.533360	4425	0	1104482	1110577
21.543771	4425	0	1104482	1110577
21.557244	4425	0	1104482	1110577
21.567215	4425	0	1104482	1110577
21.578551	4425	0	1104482	1110577
21.583901	4425	0	1104482	1110577
21.591257	4425	0	1104482	1110577
21.599062	4425	0	1104482	1110577
21.609547	4425	0	1104482	1110577
21.618609	4425	0	1104482	1110577
21.626215	4425	0	1104482	1110577
21.640426	4425	0	1104482	1110577
21.647695	4425	0	1104482	1110577
21.654802	4425	0	1104482	1110577
21.667068	4425	0	1104482	1110577
21.675703	4425	0	1104482	1110577
21.687996	4425	0	1104482	1110577
21.697196	4425	0	1104482	1110577
21.711278	4425	0	1104482	1110577
21.717561	4425	0	1104482	1110577
21.729614	4425	0	1104482	1110577
21.737796	4425	0	1104482	1110577
21.744487	4425	0	1104482	1110577
21.750698	4425	0	1104482	1110577
21.757898	4425	0	1104482	1110577
21.763397	4425	0	1104482	1110577
21.772260	4425	0	1104482	1110577
21.783731	4425	0	1104482	1110577
21.794212	4425	0	1104482	1110577
21.805144	4425	0	1104482	1110577
21.814289	4425	0	1104482	1110577
21.820053	4425	0	1104482	1110577
21.825713	4425	0	1104482	1110577
21.837223	4425	0	1104482	1110577
21.848922	4425	0	1104482	1110577
21.854118	4425	0	1104482	1110577
21.860009	4425	0	1104482	1110577
21.866662	4425	0	1104482	1110577
21.879856	4425	0	1104482	1110577
21.889610	4425	0	1104482	1110577
21.896866	4425	0	1104482	1110577
21.902848	4425	0	1104482	1110577
21.909315	4425	0	1104482	1110577
21.918875	4425	0	1104482	1110577
21.933371	4425	0	1104482	1110577
21.948033	4425	0	1104482	1110577
21.956130	4425	0	1104482	1110577
21.969844	4425	0	1104482	1110577
21.978097	4425	0	1104482	1110577
21.991154	4425	0	1104482	1110577
21.996392	4425	0	1104482	1110577
22.010177	4425	0	1104482	1110577
22.022586	4425	0	1104482	1110577
22.037724	4425	0	1104482	1110577
22.047505	4425	0	1104482	1110577
22.061514	4425	0	1104482	1110577
22.070280	4425	0	1104482	1110577
22.076888	4425	0	1104482	1110577
22.082701	4425	0	1104482	1110577
22.088573	4425	0	1104482	1110577
22.098094	4425	0	1104482	1110577
22.111826	4425	0	1104482	1110577
22.119350	4425	0	1104482	1110577
22.128146	4425	0	1104482	1110577
22.139435	4425	0	1104482	1110577
22.152708	4425	0	1104482	1110577
22.157995	4425	0	1104482	1110577
22.171078	4425	0	1104482	1110577
22.179457	4425	0	1104482	1110577
22.192032	4425	0	1104482	1110577
22.201364	4425	0	1104482	1110577
22.209016	4425	0	1104482	1110577
22.222260	4425	0	1104482	1110577
22.228054	4425	0	1104482	1110577
22.233742	4425	0	1104482	1110577
22.246454	4425	0	1104482	1110577
22.253160	4425	0	1104482	1110577
22.263817	4425	0	1104482	1110577
22.274009	4425	0	1104482	1110577
22.288258	4425	0	1104482	1110577
22.301243	4425	0	1104482	1110577
22.311605	4425	0	1104482	1110577
22.318167	4425	0	1104482	1110577
22.324667	4425	0	1104482	1110577
22.334640	4425	0	1104482	1110577
22.346019	4425	0	1104482	1110577
22.357041	4425	0	1104482	1110577
22.363052	4425	0	1104482	1110577
22.375948	4425	0	1104482	1110577
22.391100	4425	0	1104482	1110577
22.397681	4425	0	1104482	1110577
22.410816	4425	0	1104482	1110577
22.423437	4425	0	1104482	1110577
22.429617	4425	0	1104482	1110577
22.437900	4425	0	1104482	1110577
22.450940	4425	0	1104482	1110577
22.461146	4425	0	1104482	1110577
22.476236	4425	0	1104482	1110577
22.490127	4425	0	1104482	1110577
22.500233	4425	0	1104482	1110577
22.506577	4425	0	1104482	1110577
22.519932	4425	0	1104482	1110577
22.529510	4425	0	1104482	1110577
22.541161	4425	0	1104482	1110577
22.548309	4425	0	1104482	1110577
22.562327	4425	0	1104482	1110577
22.575722	4425	0	1104482	1110577
22.585840	4425	0	1104482	1110577
22.596790	4425	0	1104482	1110577
22.604248	4425	0	1104482	1110577
22.617888	4425	0	1104482	1110577
22.625209	4425	0	1104482	1110577
22.634175	4425	0	1104482	1110577
22.644378	4425	0	1104482	1110577
22.655489	4425	0	1104482	1110577
22.663972	4425	0	1104482	1110577
22.678167	4425	0	1104482	1110577
22.686604	4425	0	1104482	1110577
22.693615	4425	0	1104482	1110577
22.700099	4425	0	1104482	1110577
22.715260	4425	0	1104482	1110577
22.724167	4425	0	1104482	1110577
22.736305	4425	0	1104482	1110577
22.747865	4425	0	1104482	1110577
22.762593	4425	0	1104482	1110577
22.773125	4425	0	1104482	1110577
22.787603	4425	0	1104482	1110577
22.801538	4425	0	1104482	1110577
22.813088	4425	0	1104482	1110577
22.822551	4425	0	1104482	1110577
22.831741	4425	0	1104482	1110577
22.840103	4425	0	1104482	1110577
22.849954	4425	0	1104482	1110577
22.856479	4425	0	1104482	1110577
22.863324	4425	0	1104482	1110577
22.876000	4425	0	1104482	1110577
22.882559	4425	0	1104482	1110577
22.891482	4425	0	1104482	1110577
22.901672	4425	0	1104482	1110577
22.907096	4425	0	1104482	1110577
22.912618	4425	0	1104482	1110577
22.918134	4425	0	1104482	1110577
22.931911	4425	0	1104482	1110577
22.942573	4425	0	1104482	1110577
22.952187	4425	0	1104482	1110577
22.963395	4425	0	1104482	1110577
22.969204	4425	0	1104482	1110577
22.982187	4425	0	1104482	1110577
22.988923	4425	0	1104482	1110577
23.001208	4425	0	1104482	1110577
23.012197	4425	0	1104482	1110577
23.020950	4425	0	1104482	1110577
23.031493	4425	0	1104482	1110577
23.043105	4425	0	1104482	1110577
23.054849	4425	0	1104482	1110577
23.068391	4425	0	1104482	1110577
23.079555	4425	0	1104482	1110577
23.090764	4425	0	1104482	1110577
23.101951	4425	0	1104482	1110577
23.113617	4425	0	1104482	1110577
23.124596	4425	0	1104482	1110577
23.136403	4425	0	1104482	1110577
23.142296	4425	0	1104482	1110577
23.150597	4425	0	1104482	1110577
23.157484	4425	0	1104482	1110577
23.168912	4425	0	1104482	1110577
23.182943	4425	0	1104482	1110577
23.197441	4425	0	1104482	1110577
23.211679	4425	0	1104482	1110577
23.225199	4425	0	1104482	1110577
23.238318	4425	0	1104482	1110577
23.250273	4425	0	1104482	1110577
23.258657	4426	2	451485	1110577
23.270043	4427	2	468085	468080
23.281299	4429	2	499500	499494
23.288480	4430	2	516100	516095
23.296897	4432	2	547565	547509
23.311737	4434	2	582478	582478
23.325177	4436	3	610639	610580
23.339120	4439	1	658674	658326
23.351735	4441	2	689471	688727
23.366905	4443	3	721130	721130
23.378026	4444	0	737608	758658
23.388760	4446	3	774737	774737
23.395498	4447	3	791327	788139
23.400846	4448	2	813688	812377
23.406184	4449	2	828456	828456
23.412413	4450	1	846740	841858
23.418487	4450	3	846740	841858
23.431200	4452	0	880276	896729
23.444900	4455	2	936726	936726
23.454480	4456	2	961583	953179
23.463784	4457	3	981060	978041
23.475732	4459	2	1020968	1011307
23.490864	4461	3	1055600	1055600
23.501362	4462	2	1082203	1070692
23.507239	4463	3	1102057	1098446
23.522196	4465	2	1143221	1130687
23.537212	4467	0	1178958	1191705
23.542919	4468	3	1205359	1191705
23.551157	4469	3	1224194	1219622
23.565383	4471	2	1272731	1257255
23.570602	4471	0	1272731	1286994
23.578824	4473	3	1306986	1306986
23.589309	4473	0	1306986	1324627
23.598080	4473	0	1306986	1324627
23.605192	4473	0	1306986	1324627
23.614450	4473	0	1306986	1324627
23.629190	4473	0	1306986	1324627
23.638930	4473	0	1306986	1324627
23.653988	4473	0	1306986	1324627
23.659980	4473	0	1306986	1324627
23.670742	4473	0	1306986	1324627
23.685097	4473	0	1306986	1324627
23.694908	4473	0	1306986	1324627
23.704269	4473	0	1306986	1324627
23.712149	4473	0	1306986	1324627
23.719046	4473	0	1306986	1324627
23.734207	4473	0	1306986	1324627
23.739690	4473	0	1306986	1324627
23.752784	4473	0	1306986	1324627
23.761983	4473	0	1306986	1324627
23.775109	4473	0	1306986	1324627
23.789919	4473	0	1306986	1324627
23.804277	4473	0	1306986	1324627
23.809566	4473	0	1306986	1324627
23.824323	4473	0	1306986	1324627
23.831537	4473	0	1306986	1324627
23.843316	4473	0	1306986	1324627
23.854906	4474	3	465000	1324627
23.860686	4475	2	484809	479757
23.874771	4476	0	498457	515549
23.886529	4478	2	553422	548370
23.900540	4479	0	567070	584162
23.908889	4480	3	603596	584162
23.918860	4482	2	641250	641250
23.933288	4483	2	680916	659640
23.948123	4484	3	704880	698576
23.954353	4485	2	718570	718570
23.960375	4485	0	718570	736960
23.970978	4486	3	759792	736960
23.985404	4487	3	781261	774480
23.998703	4488	0	797552	812373
24.008551	4489	0	836230	850918
24.017889	4490	3	857699	850918
24.028083	4491	0	873990	888811
24.035023	4491	0	873990	888811
24.049475	4493	3	934927	927603
24.060825	4494	0	950574	966813
24.072201	4495	0	993282	1006758
24.084512	4497	3	1029729	1029729
24.091710	4497	0	1029729	1045968
24.106697	4498	3	1074290	1045968
24.120290	4500	2	1116599	1116599
24.134733	4501	2	1161080	1131411
24.140245	4501	0	1161080	1179646
24.150404	4503	2	1203389	1203389
24.163700	4503	0	1203389	1218201
24.178512	4506	2	1290362	1290362
24.188351	4506	0	1290362	1303895
24.197757	4507	2	1335891	1303895
24.209213	4508	3	1362027	1353213
24.216719	4509	0	1376463	1389996
24.226155	4509	0	1376463	1389996
24.240244	4510	0	1423551	1441884
24.254335	4512	0	1467283	1480162
24.269108	4513	2	1515359	1480162
24.275986	4513	3	1515359	1480162
24.284946	4514	2	1543607	1533692
24.292491	4515	2	1559091	1559091
24.302684	4515	0	1559091	1571970
24.311406	4516	2	1608377	1571970
24.322115	4517	2	1634162	1623752
24.329807	4518	2	1650026	1650026
24.343113	4518	0	1650026	1664471
24.351673	4519	2	1702244	1664471
24.362165	4520	2	1728029	1717619
24.371876	4521	3	1743893	1743893
24.385456	4521	0	1743893	1758338
24.399924	4521	0	1743893	1758338
24.412807	4521	0	1743893	1758338
24.427487	4521	0	1743893	1758338
24.437532	4521	0	1743893	1758338
24.447455	4521	0	1743893	1758338
24.453229	4521	0	1743893	1758338
24.462595	4521	0	1743893	1758338
24.467846	4521	0	1743893	1758338
24.477153	4521	0	1743893	1758338
24.492108	4521	0	1743893	1758338
24.505377	4521	0	1743893	1758338
24.514258	4521	0	1743893	1758338
24.528544	4521	0	1743893	1758338
24.538781	4521	0	1743893	1758338
24.544198	4521	0	1743893	1758338
24.557934	4521	0	1743893	1758338
24.572101	4521	0	1743893	1758338
24.579709	4521	0	1743893	1758338
24.586699	4521	0	1743893	1758338
24.597949	4521	0	1743893	1758338
24.609342	4521	0	1743893	1758338
24.618009	4521	0	1743893	1758338
24.624203	4521	0	1743893	1758338
24.637434	4521	0	1743893	1758338
24.648628	4521	0	1743893	1758338
24.660198	4521	0	1743893	1758338
24.667853	4521	0	1743893	1758338
24.682809	4521	0	1743893	1758338
24.689553	4521	0	1743893	1758338
24.696962	4521	0	1743893	1758338
24.702281	4521	0	1743893	1758338
24.713496	4521	0	1743893	1758338
24.723681	4521	0	1743893	1758338
24.737084	4521	0	1743893	1758338
24.751326	4521	0	1743893	1758338
